'sample #','ECG '
0,400
1,484
2,571
3,658
4,731
5,752
6,759
7,757
8,742
9,730
10,721
11,710
12,697
13,683
14,676
15,671
16,665
17,661
18,659
19,655
20,653
21,651
22,649
23,647
24,645
25,644
26,644
27,644
28,644
29,643
30,641
31,640
32,639
33,638
34,636
35,633
36,630
37,626
38,621
39,616
40,612
41,607
42,601
43,594
44,586
45,578
46,571
47,565
48,558
49,550
50,539
51,527
52,514
53,508
54,503
55,500
56,497
57,494
58,492
59,489
60,486
61,482
62,479
63,475
64,472
65,469
66,466
67,462
68,459
69,457
70,454
71,451
72,447
73,443
74,440
75,437
76,435
77,432
78,430
79,426
80,421
81,415
82,404
83,393
84,381
85,373
86,368
87,365
88,362
89,358
90,354
91,349
92,345
93,342
94,338
95,332
96,324
97,311
98,299
99,288
100,282
101,278
102,274
103,271
104,270
105,270
106,274
107,280
108,287
109,294
110,299
111,304
112,310
113,315
114,319
115,321
116,322
117,321
118,319
119,316
120,311
121,306
122,302
123,297
124,293
125,288
126,284
127,279
128,275
129,272
130,268
131,263
132,257
133,242
134,221
135,194
136,143
137,66
138,-22
139,-104
140,-163
141,-182
142,-171
143,-138
144,-64
145,28
146,134
147,249
148,361
149,448
150,482
151,482
152,447
153,387
154,324
155,270
156,224
157,193
158,170
159,158
160,149
161,140
162,133
163,126
164,119
165,112
166,105
167,97
168,88
169,78
170,71
171,64
172,58
173,53
174,48
175,43
176,39
177,35
178,31
179,27
180,24
181,21
182,18
183,15
184,12
185,9
186,7
187,5
188,2
189,0
190,-5
191,-17
192,-43
193,-67
194,-83
195,-101
196,-111
197,-118
198,-124
199,-129
200,-133
201,-138
202,-143
203,-148
204,-156
205,-168
206,-180
207,-194
208,-212
209,-231
210,-249
211,-260
212,-269
213,-275
214,-278
215,-279
216,-280
217,-280
218,-281
219,-282
220,-282
221,-282
222,-281
223,-276
224,-268
225,-255
226,-231
227,-208
228,-191
229,-170
230,-148
231,-128
232,-113
233,-97
234,-81
235,-63
236,-48
237,-35
238,-23
239,-12
240,-2
241,6
242,13
243,18
244,23
245,25
246,26
247,28
248,28
249,29
250,29
251,30
252,30
253,31
254,31
255,31
256,31
257,31
258,31
259,31
260,30
261,29
262,28
263,27
264,27
265,26
266,26
267,26
268,26
269,26
270,26
271,26
272,26
273,26
274,25
275,24
276,23
277,22
278,20
279,19
280,17
281,15
282,14
283,13
284,11
285,9
286,8
287,7
288,6
289,6
290,5
291,5
292,4
293,4
294,3
295,3
296,3
297,3
298,3
299,3
300,4
301,5
302,6
303,8
304,9
305,10
306,11
307,12
308,12
309,12
310,11
311,10
312,9
313,8
314,8
315,8
316,7
317,7
318,6
319,6
320,5
321,5
322,4
323,3
324,2
325,1
326,0
327,0
328,0
329,-1
330,-2
331,-2
332,-2
333,-2
334,-2
335,-3
336,-3
337,-3
338,-3
339,-2
340,0
341,0
342,1
343,1
344,2
345,2
346,2
347,2
348,1
349,0
350,0
351,0
352,-1
353,-2
354,-3
355,-3
356,-2
357,-2
358,-2
359,-3
360,-5
361,-7
362,-9
363,-11
364,-13
365,-15
366,-17
367,-19
368,-21
369,-22
370,-23
371,-24
372,-25
373,-25
374,-25
375,-25
376,-25
377,-25
378,-25
379,-24
380,-22
381,-20
382,-18
383,-16
384,-14
385,-12
386,-10
387,-8
388,-6
389,-4
390,-1
391,1
392,4
393,6
394,9
395,11
396,12
397,14
398,15
399,15
400,16
401,15
402,14
403,12
404,11
405,9
406,7
407,3
408,0
409,-5
410,-10
411,-17
412,-51
413,-116
414,-203
415,-291
416,-358
417,-380
418,-372
419,-347
420,-284
421,-197
422,-88
423,30
424,148
425,245
426,288
427,302
428,289
429,246
430,194
431,143
432,110
433,73
434,35
435,16
436,8
437,2
438,-3
439,-6
440,-10
441,-13
442,-16
443,-19
444,-21
445,-23
446,-25
447,-26
448,-27
449,-29
450,-31
451,-32
452,-34
453,-35
454,-37
455,-38
456,-40
457,-41
458,-42
459,-43
460,-44
461,-45
462,-46
463,-47
464,-49
465,-50
466,-52
467,-54
468,-56
469,-58
470,-59
471,-61
472,-64
473,-67
474,-75
475,-84
476,-92
477,-101
478,-114
479,-130
480,-149
481,-165
482,-179
483,-193
484,-209
485,-218
486,-225
487,-231
488,-236
489,-240
490,-243
491,-245
492,-246
493,-245
494,-245
495,-243
496,-240
497,-236
498,-232
499,-227
500,-221
501,-212
502,-196
503,-183
504,-171
505,-156
506,-138
507,-118
508,-97
509,-77
510,-61
511,-44
512,-27
513,-10
514,1
515,8
516,14
517,19
518,24
519,29
520,34
521,38
522,39
523,40
524,42
525,43
526,45
527,46
528,48
529,50
530,52
531,54
532,55
533,56
534,56
535,56
536,56
537,56
538,57
539,58
540,59
541,59
542,59
543,59
544,59
545,58
546,56
547,53
548,50
549,47
550,44
551,41
552,38
553,36
554,34
555,32
556,29
557,25
558,19
559,14
560,9
561,7
562,7
563,10
564,13
565,16
566,19
567,22
568,24
569,27
570,30
571,33
572,36
573,38
574,40
575,41
576,42
577,43
578,43
579,43
580,43
581,44
582,45
583,46
584,47
585,49
586,51
587,53
588,53
589,54
590,53
591,53
592,52
593,51
594,50
595,49
596,48
597,48
598,48
599,49
600,49
601,49
602,48
603,48
604,48
605,47
606,46
607,44
608,43
609,41
610,39
611,38
612,36
613,35
614,34
615,33
616,32
617,32
618,31
619,30
620,28
621,27
622,25
623,23
624,22
625,20
626,19
627,18
628,18
629,18
630,18
631,17
632,17
633,16
634,16
635,15
636,13
637,12
638,11
639,10
640,9
641,9
642,8
643,6
644,5
645,4
646,2
647,1
648,0
649,-2
650,-4
651,-6
652,-8
653,-10
654,-12
655,-14
656,-17
657,-19
658,-20
659,-21
660,-21
661,-20
662,-18
663,-16
664,-13
665,-10
666,-7
667,-4
668,-1
669,0
670,2
671,4
672,6
673,8
674,9
675,10
676,11
677,12
678,12
679,12
680,11
681,9
682,8
683,7
684,5
685,3
686,1
687,-1
688,-5
689,-10
690,-14
691,-24
692,-48
693,-85
694,-141
695,-219
696,-319
697,-434
698,-534
699,-548
700,-523
701,-368
702,-132
703,121
704,329
705,431
706,441
707,394
708,294
709,195
710,118
711,62
712,29
713,0
714,-17
715,-20
716,-22
717,-24
718,-25
719,-26
720,-26
721,-27
722,-28
723,-30
724,-32
725,-35
726,-36
727,-38
728,-38
729,-39
730,-41
731,-42
732,-44
733,-45
734,-46
735,-48
736,-49
737,-49
738,-50
739,-50
740,-51
741,-53
742,-54
743,-56
744,-57
745,-59
746,-60
747,-61
748,-62
749,-63
750,-65
751,-67
752,-69
753,-72
754,-76
755,-82
756,-99
757,-119
758,-137
759,-153
760,-166
761,-178
762,-188
763,-196
764,-204
765,-212
766,-221
767,-229
768,-238
769,-246
770,-253
771,-257
772,-259
773,-261
774,-263
775,-265
776,-267
777,-269
778,-270
779,-267
780,-261
781,-252
782,-241
783,-224
784,-204
785,-184
786,-164
787,-146
788,-129
789,-112
790,-96
791,-84
792,-73
793,-62
794,-50
795,-38
796,-26
797,-13
798,0
799,11
800,20
801,27
802,32
803,34
804,35
805,36
806,36
807,37
808,37
809,38
810,38
811,39
812,40
813,40
814,40
815,40
816,38
817,37
818,35
819,34
820,32
821,31
822,31
823,31
824,32
825,32
826,33
827,33
828,33
829,33
830,32
831,32
832,31
833,30
834,30
835,29
836,29
837,30
838,31
839,32
840,33
841,34
842,34
843,34
844,33
845,32
846,31
847,29
848,28
849,28
850,28
851,28
852,28
853,28
854,29
855,29
856,29
857,29
858,27
859,25
860,26
861,34
862,43
863,46
864,47
865,49
866,51
867,53
868,55
869,57
870,59
871,60
872,61
873,62
874,63
875,65
876,65
877,66
878,66
879,67
880,67
881,67
882,67
883,68
884,68
885,68
886,68
887,68
888,68
889,68
890,68
891,68
892,68
893,68
894,68
895,67
896,67
897,66
898,66
899,65
900,65
901,65
902,65
903,66
904,66
905,66
906,67
907,67
908,67
909,67
910,67
911,66
912,65
913,64
914,64
915,63
916,63
917,63
918,63
919,63
920,63
921,63
922,63
923,63
924,63
925,62
926,62
927,61
928,61
929,60
930,59
931,58
932,57
933,56
934,56
935,56
936,55
937,53
938,51
939,48
940,44
941,41
942,39
943,37
944,35
945,33
946,32
947,31
948,31
949,30
950,30
951,31
952,32
953,34
954,37
955,40
956,43
957,47
958,51
959,54
960,57
961,60
962,62
963,65
964,68
965,70
966,73
967,75
968,76
969,76
970,74
971,73
972,70
973,67
974,62
975,56
976,49
977,40
978,21
979,6
980,-30
981,-88
982,-169
983,-275
984,-392
985,-500
986,-534
987,-516
988,-388
989,-162
990,94
991,320
992,444
993,459
994,413
995,307
996,209
997,138
998,92
999,62
1000,48
1001,43
1002,39
1003,37
1004,35
1005,32
1006,31
1007,28
1008,25
1009,21
1010,17
1011,14
1012,11
1013,8
1014,6
1015,4
1016,2
1017,0
1018,-2
1019,-5
1020,-8
1021,-12
1022,-16
1023,-19
1024,-23
1025,-26
1026,-30
1027,-33
1028,-36
1029,-38
1030,-41
1031,-43
1032,-46
1033,-49
1034,-52
1035,-56
1036,-60
1037,-63
1038,-67
1039,-72
1040,-78
1041,-85
1042,-93
1043,-103
1044,-113
1045,-124
1046,-134
1047,-143
1048,-152
1049,-159
1050,-164
1051,-170
1052,-177
1053,-186
1054,-195
1055,-207
1056,-218
1057,-228
1058,-236
1059,-240
1060,-244
1061,-247
1062,-250
1063,-253
1064,-255
1065,-254
1066,-251
1067,-244
1068,-236
1069,-225
1070,-208
1071,-192
1072,-170
1073,-146
1074,-128
1075,-114
1076,-102
1077,-87
1078,-67
1079,-53
1080,-46
1081,-39
1082,-33
1083,-27
1084,-18
1085,-7
1086,1
1087,6
1088,9
1089,11
1090,13
1091,15
1092,17
1093,21
1094,24
1095,28
1096,33
1097,37
1098,43
1099,51
1100,58
1101,60
1102,62
1103,63
1104,64
1105,65
1106,67
1107,68
1108,65
1109,59
1110,52
1111,47
1112,42
1113,36
1114,32
1115,29
1116,29
1117,30
1118,32
1119,34
1120,36
1121,40
1122,43
1123,45
1124,45
1125,42
1126,40
1127,39
1128,38
1129,37
1130,36
1131,35
1132,33
1133,32
1134,32
1135,32
1136,33
1137,34
1138,36
1139,37
1140,39
1141,41
1142,43
1143,46
1144,47
1145,49
1146,49
1147,49
1148,50
1149,51
1150,52
1151,52
1152,53
1153,52
1154,52
1155,52
1156,52
1157,51
1158,51
1159,51
1160,50
1161,50
1162,51
1163,52
1164,52
1165,53
1166,52
1167,53
1168,57
1169,59
1170,60
1171,62
1172,63
1173,64
1174,64
1175,65
1176,66
1177,67
1178,67
1179,67
1180,66
1181,64
1182,62
1183,60
1184,58
1185,56
1186,54
1187,52
1188,50
1189,48
1190,47
1191,45
1192,43
1193,40
1194,37
1195,34
1196,31
1197,29
1198,28
1199,26
1200,26
1201,25
1202,25
1203,25
1204,26
1205,26
1206,25
1207,24
1208,22
1209,20
1210,19
1211,19
1212,21
1213,23
1214,26
1215,29
1216,31
1217,34
1218,36
1219,38
1220,41
1221,42
1222,43
1223,42
1224,41
1225,37
1226,33
1227,28
1228,22
1229,16
1230,8
1231,-6
1232,-16
1233,-24
1234,-29
1235,-33
1236,-36
1237,-38
1238,-39
1239,-38
1240,-34
1241,-29
1242,-23
1243,-15
1244,-1
1245,15
1246,24
1247,30
1248,36
1249,41
1250,44
1251,46
1252,46
1253,45
1254,43
1255,40
1256,37
1257,34
1258,32
1259,28
1260,25
1261,21
1262,17
1263,14
1264,12
1265,8
1266,3
1267,-6
1268,-27
1269,-67
1270,-132
1271,-216
1272,-320
1273,-432
1274,-529
1275,-569
1276,-523
1277,-375
1278,-144
1279,113
1280,335
1281,446
1282,458
1283,407
1284,298
1285,198
1286,139
1287,113
1288,93
1289,70
1290,53
1291,44
1292,37
1293,31
1294,25
1295,17
1296,8
1297,2
1298,-1
1299,-4
1300,-6
1301,-7
1302,-7
1303,-4
1304,-1
1305,1
1306,4
1307,7
1308,7
1309,3
1310,-2
1311,-4
1312,-5
1313,-6
1314,-7
1315,-8
1316,-9
1317,-11
1318,-13
1319,-15
1320,-17
1321,-18
1322,-19
1323,-20
1324,-21
1325,-22
1326,-23
1327,-25
1328,-28
1329,-33
1330,-47
1331,-60
1332,-74
1333,-88
1334,-101
1335,-112
1336,-121
1337,-130
1338,-139
1339,-147
1340,-154
1341,-161
1342,-170
1343,-179
1344,-186
1345,-193
1346,-198
1347,-202
1348,-205
1349,-206
1350,-207
1351,-208
1352,-209
1353,-211
1354,-213
1355,-214
1356,-213
1357,-208
1358,-201
1359,-189
1360,-171
1361,-154
1362,-134
1363,-112
1364,-90
1365,-70
1366,-49
1367,-32
1368,-21
1369,-10
1370,1
1371,15
1372,31
1373,47
1374,54
1375,58
1376,61
1377,63
1378,65
1379,66
1380,67
1381,68
1382,70
1383,71
1384,72
1385,73
1386,74
1387,74
1388,74
1389,75
1390,75
1391,76
1392,76
1393,76
1394,76
1395,76
1396,77
1397,78
1398,78
1399,79
1400,78
1401,76
1402,73
1403,69
1404,66
1405,63
1406,60
1407,58
1408,56
1409,54
1410,52
1411,50
1412,48
1413,46
1414,45
1415,45
1416,46
1417,46
1418,47
1419,49
1420,51
1421,53
1422,55
1423,57
1424,59
1425,60
1426,61
1427,61
1428,62
1429,61
1430,61
1431,61
1432,61
1433,61
1434,62
1435,63
1436,64
1437,64
1438,64
1439,64
1440,64
1441,64
1442,63
1443,62
1444,61
1445,60
1446,59
1447,59
1448,59
1449,60
1450,61
1451,62
1452,62
1453,61
1454,60
1455,58
1456,56
1457,55
1458,53
1459,50
1460,48
1461,46
1462,45
1463,44
1464,42
1465,41
1466,40
1467,39
1468,38
1469,37
1470,37
1471,36
1472,34
1473,33
1474,31
1475,30
1476,29
1477,28
1478,27
1479,27
1480,26
1481,26
1482,25
1483,25
1484,24
1485,23
1486,22
1487,21
1488,19
1489,17
1490,15
1491,14
1492,12
1493,11
1494,10
1495,9
1496,8
1497,8
1498,7
1499,6
1500,4
1501,3
1502,1
1503,0
1504,-2
1505,-4
1506,-6
1507,-8
1508,-10
1509,-12
1510,-14
1511,-15
1512,-15
1513,-16
1514,-16
1515,-16
1516,-14
1517,-13
1518,-11
1519,-8
1520,-6
1521,-4
1522,-1
1523,0
1524,2
1525,4
1526,6
1527,7
1528,9
1529,12
1530,15
1531,18
1532,21
1533,23
1534,26
1535,28
1536,30
1537,31
1538,31
1539,30
1540,29
1541,27
1542,25
1543,22
1544,18
1545,14
1546,10
1547,6
1548,-3
1549,-28
1550,-75
1551,-148
1552,-245
1553,-360
1554,-477
1555,-546
1556,-545
1557,-469
1558,-280
1559,-31
1560,217
1561,400
1562,454
1563,448
1564,361
1565,256
1566,172
1567,119
1568,79
1569,58
1570,42
1571,30
1572,15
1573,-1
1574,-16
1575,-24
1576,-26
1577,-27
1578,-28
1579,-28
1580,-28
1581,-28
1582,-28
1583,-27
1584,-26
1585,-26
1586,-25
1587,-25
1588,-25
1589,-25
1590,-25
1591,-25
1592,-26
1593,-26
1594,-28
1595,-29
1596,-31
1597,-32
1598,-34
1599,-35
1600,-38
1601,-41
1602,-46
1603,-52
1604,-57
1605,-62
1606,-67
1607,-73
1608,-78
1609,-82
1610,-87
1611,-91
1612,-95
1613,-100
1614,-105
1615,-110
1616,-116
1617,-123
1618,-132
1619,-141
1620,-149
1621,-157
1622,-165
1623,-173
1624,-181
1625,-188
1626,-196
1627,-206
1628,-218
1629,-238
1630,-250
1631,-258
1632,-265
1633,-270
1634,-272
1635,-270
1636,-266
1637,-260
1638,-252
1639,-236
1640,-208
1641,-182
1642,-155
1643,-127
1644,-98
1645,-69
1646,-42
1647,-17
1648,10
1649,31
1650,43
1651,52
1652,59
1653,65
1654,68
1655,69
1656,71
1657,72
1658,72
1659,72
1660,73
1661,73
1662,73
1663,73
1664,74
1665,74
1666,75
1667,76
1668,77
1669,77
1670,77
1671,76
1672,76
1673,75
1674,74
1675,73
1676,71
1677,70
1678,70
1679,69
1680,69
1681,69
1682,68
1683,68
1684,68
1685,67
1686,66
1687,65
1688,63
1689,61
1690,59
1691,57
1692,56
1693,54
1694,53
1695,52
1696,52
1697,52
1698,52
1699,51
1700,51
1701,50
1702,49
1703,48
1704,48
1705,47
1706,46
1707,46
1708,45
1709,45
1710,46
1711,46
1712,47
1713,47
1714,48
1715,48
1716,48
1717,49
1718,49
1719,49
1720,49
1721,48
1722,48
1723,48
1724,48
1725,48
1726,48
1727,49
1728,49
1729,49
1730,49
1731,49
1732,49
1733,49
1734,50
1735,50
1736,51
1737,52
1738,53
1739,54
1740,56
1741,57
1742,58
1743,58
1744,58
1745,57
1746,55
1747,53
1748,51
1749,48
1750,46
1751,44
1752,43
1753,42
1754,41
1755,40
1756,38
1757,37
1758,35
1759,34
1760,32
1761,31
1762,29
1763,27
1764,26
1765,25
1766,26
1767,26
1768,27
1769,27
1770,27
1771,27
1772,28
1773,28
1774,28
1775,28
1776,27
1777,27
1778,27
1779,27
1780,27
1781,27
1782,27
1783,26
1784,24
1785,23
1786,22
1787,21
1788,19
1789,17
1790,15
1791,13
1792,12
1793,11
1794,10
1795,8
1796,6
1797,4
1798,2
1799,1
1800,0
1801,0
1802,-1
1803,-2
1804,-2
1805,-2
1806,0
1807,0
1808,2
1809,4
1810,6
1811,8
1812,9
1813,11
1814,13
1815,15
1816,17
1817,18
1818,20
1819,22
1820,24
1821,27
1822,29
1823,31
1824,32
1825,32
1826,32
1827,32
1828,31
1829,30
1830,28
1831,24
1832,19
1833,14
1834,8
1835,1
1836,-33
1837,-84
1838,-156
1839,-252
1840,-362
1841,-468
1842,-517
1843,-509
1844,-416
1845,-229
1846,5
1847,230
1848,384
1849,421
1850,414
1851,335
1852,240
1853,156
1854,91
1855,34
1856,19
1857,16
1858,14
1859,14
1860,17
1861,18
1862,21
1863,22
1864,22
1865,17
1866,11
1867,6
1868,3
1869,1
1870,0
1871,-2
1872,-5
1873,-8
1874,-11
1875,-13
1876,-15
1877,-16
1878,-17
1879,-18
1880,-20
1881,-22
1882,-24
1883,-25
1884,-27
1885,-29
1886,-31
1887,-33
1888,-35
1889,-36
1890,-37
1891,-39
1892,-41
1893,-43
1894,-46
1895,-49
1896,-54
1897,-60
1898,-66
1899,-72
1900,-77
1901,-83
1902,-89
1903,-97
1904,-109
1905,-121
1906,-133
1907,-144
1908,-153
1909,-163
1910,-172
1911,-182
1912,-192
1913,-204
1914,-213
1915,-220
1916,-224
1917,-228
1918,-231
1919,-233
1920,-235
1921,-235
1922,-235
1923,-232
1924,-229
1925,-225
1926,-218
1927,-206
1928,-181
1929,-156
1930,-130
1931,-104
1932,-80
1933,-59
1934,-41
1935,-28
1936,-11
1937,4
1938,16
1939,27
1940,36
1941,45
1942,54
1943,63
1944,67
1945,69
1946,71
1947,73
1948,75
1949,77
1950,78
1951,79
1952,80
1953,82
1954,83
1955,84
1956,84
1957,83
1958,82
1959,81
1960,81
1961,81
1962,81
1963,81
1964,79
1965,78
1966,77
1967,76
1968,74
1969,73
1970,71
1971,69
1972,68
1973,67
1974,66
1975,65
1976,65
1977,64
1978,63
1979,62
1980,62
1981,61
1982,59
1983,58
1984,56
1985,54
1986,52
1987,51
1988,51
1989,50
1990,50
1991,49
1992,50
1993,51
1994,52
1995,52
1996,52
1997,51
1998,50
1999,48
2000,46
2001,45
2002,45
2003,45
2004,46
2005,46
2006,47
2007,48
2008,49
2009,50
2010,51
2011,51
2012,51
2013,51
2014,50
2015,49
2016,48
2017,46
2018,44
2019,42
2020,41
2021,37
2022,35
2023,35
2024,39
2025,45
2026,49
2027,53
2028,57
2029,60
2030,62
2031,60
2032,56
2033,52
2034,48
2035,47
2036,45
2037,44
2038,42
2039,40
2040,37
2041,36
2042,34
2043,33
2044,31
2045,30
2046,29
2047,27
2048,27
2049,27
2050,27
2051,26
2052,25
2053,24
2054,23
2055,22
2056,21
2057,21
2058,20
2059,18
2060,17
2061,16
2062,16
2063,15
2064,15
2065,15
2066,15
2067,14
2068,14
2069,14
2070,14
2071,14
2072,14
2073,13
2074,12
2075,12
2076,11
2077,10
2078,9
2079,7
2080,5
2081,3
2082,0
2083,-2
2084,-7
2085,-20
2086,-34
2087,-42
2088,-49
2089,-54
2090,-57
2091,-59
2092,-59
2093,-57
2094,-53
2095,-48
2096,-42
2097,-36
2098,-28
2099,-20
2100,-13
2101,-8
2102,-5
2103,-3
2104,-1
2105,0
2106,3
2107,5
2108,7
2109,8
2110,10
2111,10
2112,11
2113,10
2114,10
2115,9
2116,8
2117,6
2118,4
2119,2
2120,0
2121,-2
2122,-5
2123,-12
2124,-33
2125,-76
2126,-144
2127,-238
2128,-356
2129,-485
2130,-592
2131,-636
2132,-584
2133,-425
2134,-188
2135,70
2136,284
2137,382
2138,391
2139,333
2140,218
2141,111
2142,38
2143,-10
2144,-33
2145,-39
2146,-43
2147,-45
2148,-48
2149,-52
2150,-55
2151,-57
2152,-59
2153,-61
2154,-63
2155,-65
2156,-67
2157,-69
2158,-71
2159,-73
2160,-75
2161,-77
2162,-79
2163,-80
2164,-82
2165,-82
2166,-84
2167,-85
2168,-87
2169,-89
2170,-90
2171,-90
2172,-91
2173,-90
2174,-90
2175,-89
2176,-89
2177,-88
2178,-87
2179,-85
2180,-84
2181,-83
2182,-82
2183,-83
2184,-84
2185,-86
2186,-89
2187,-91
2188,-94
2189,-98
2190,-102
2191,-106
2192,-111
2193,-117
2194,-124
2195,-138
2196,-161
2197,-179
2198,-192
2199,-202
2200,-210
2201,-220
2202,-230
2203,-236
2204,-241
2205,-244
2206,-247
2207,-248
2208,-248
2209,-246
2210,-243
2211,-239
2212,-232
2213,-220
2214,-201
2215,-186
2216,-168
2217,-146
2218,-123
2219,-99
2220,-74
2221,-48
2222,-21
2223,8
2224,34
2225,59
2226,82
2227,96
2228,105
2229,109
2230,109
2231,109
2232,109
2233,109
2234,109
2235,109
2236,109
2237,109
2238,110
2239,111
2240,112
2241,113
2242,113
2243,113
2244,113
2245,112
2246,112
2247,113
2248,113
2249,114
2250,114
2251,115
2252,117
2253,118
2254,120
2255,121
2256,122
2257,122
2258,122
2259,121
2260,119
2261,117
2262,114
2263,111
2264,108
2265,104
2266,101
2267,98
2268,94
2269,88
2270,84
2271,81
2272,80
2273,79
2274,78
2275,77
2276,75
2277,74
2278,73
2279,72
2280,72
2281,72
2282,71
2283,70
2284,69
2285,69
2286,69
2287,70
2288,70
2289,71
2290,72
2291,73
2292,74
2293,75
2294,76
2295,77
2296,77
2297,78
2298,78
2299,79
2300,79
2301,79
2302,79
2303,80
2304,81
2305,81
2306,81
2307,81
2308,82
2309,82
2310,82
2311,82
2312,79
2313,75
2314,71
2315,68
2316,66
2317,63
2318,61
2319,58
2320,56
2321,55
2322,55
2323,56
2324,57
2325,58
2326,58
2327,60
2328,62
2329,64
2330,67
2331,69
2332,70
2333,72
2334,73
2335,75
2336,77
2337,79
2338,80
2339,81
2340,81
2341,81
2342,80
2343,79
2344,77
2345,74
2346,72
2347,69
2348,67
2349,64
2350,62
2351,59
2352,57
2353,55
2354,53
2355,50
2356,47
2357,44
2358,41
2359,38
2360,36
2361,35
2362,33
2363,31
2364,29
2365,27
2366,26
2367,24
2368,23
2369,20
2370,17
2371,15
2372,13
2373,11
2374,11
2375,11
2376,11
2377,13
2378,16
2379,19
2380,22
2381,26
2382,29
2383,32
2384,34
2385,37
2386,41
2387,44
2388,48
2389,51
2390,53
2391,54
2392,53
2393,53
2394,51
2395,50
2396,47
2397,45
2398,42
2399,38
2400,34
2401,29
2402,25
2403,19
2404,9
2405,-24
2406,-73
2407,-142
2408,-237
2409,-351
2410,-470
2411,-549
2412,-553
2413,-494
2414,-321
2415,-85
2416,157
2417,348
2418,424
2419,430
2420,384
2421,315
2422,251
2423,207
2424,168
2425,123
2426,79
2427,31
2428,11
2429,7
2430,3
2431,1
2432,0
2433,-3
2434,-7
2435,-10
2436,-13
2437,-16
2438,-18
2439,-19
2440,-20
2441,-20
2442,-21
2443,-22
2444,-23
2445,-25
2446,-27
2447,-29
2448,-30
2449,-31
2450,-32
2451,-34
2452,-35
2453,-36
2454,-37
2455,-37
2456,-38
2457,-39
2458,-41
2459,-42
2460,-43
2461,-45
2462,-47
2463,-50
2464,-56
2465,-70
2466,-83
2467,-93
2468,-101
2469,-110
2470,-118
2471,-126
2472,-134
2473,-143
2474,-154
2475,-164
2476,-175
2477,-186
2478,-197
2479,-210
2480,-225
2481,-239
2482,-249
2483,-257
2484,-263
2485,-266
2486,-268
2487,-269
2488,-271
2489,-275
2490,-262
2491,-247
2492,-233
2493,-222
2494,-214
2495,-207
2496,-198
2497,-187
2498,-175
2499,-160
2500,-148
2501,-133
2502,-114
2503,-95
2504,-74
2505,-51
2506,-28
2507,-10
2508,3
2509,17
2510,23
2511,26
2512,29
2513,31
2514,34
2515,36
2516,38
2517,40
2518,42
2519,44
2520,46
2521,48
2522,49
2523,51
2524,52
2525,53
2526,54
2527,55
2528,57
2529,59
2530,61
2531,62
2532,62
2533,62
2534,61
2535,60
2536,59
2537,57
2538,55
2539,53
2540,50
2541,48
2542,45
2543,43
2544,40
2545,37
2546,35
2547,33
2548,31
2549,29
2550,27
2551,27
2552,26
2553,27
2554,29
2555,31
2556,33
2557,36
2558,37
2559,38
2560,39
2561,40
2562,42
2563,43
2564,44
2565,44
2566,44
2567,43
2568,43
2569,42
2570,42
2571,42
2572,43
2573,43
2574,43
2575,44
2576,45
2577,46
2578,46
2579,47
2580,47
2581,47
2582,48
2583,48
2584,49
2585,50
2586,51
2587,52
2588,54
2589,56
2590,58
2591,59
2592,61
2593,62
2594,63
2595,64
2596,65
2597,64
2598,64
2599,63
2600,62
2601,61
2602,60
2603,59
2604,58
2605,56
2606,55
2607,54
2608,53
2609,51
2610,50
2611,48
2612,47
2613,45
2614,44
2615,41
2616,39
2617,37
2618,35
2619,34
2620,34
2621,35
2622,36
2623,37
2624,39
2625,41
2626,43
2627,45
2628,47
2629,50
2630,53
2631,55
2632,55
2633,52
2634,49
2635,44
2636,39
2637,35
2638,30
2639,26
2640,22
2641,18
2642,15
2643,13
2644,12
2645,10
2646,9
2647,8
2648,6
2649,4
2650,2
2651,0
2652,0
2653,1
2654,5
2655,11
2656,17
2657,22
2658,27
2659,32
2660,37
2661,41
2662,44
2663,46
2664,48
2665,49
2666,50
2667,51
2668,53
2669,55
2670,56
2671,57
2672,57
2673,56
2674,53
2675,49
2676,45
2677,40
2678,33
2679,26
2680,20
2681,13
2682,-12
2683,-61
2684,-134
2685,-233
2686,-352
2687,-467
2688,-519
2689,-508
2690,-402
2691,-197
2692,43
2693,270
2694,429
2695,472
2696,465
2697,388
2698,273
2699,165
2700,78
2701,30
2702,13
2703,8
2704,11
2705,16
2706,21
2707,24
2708,27
2709,27
2710,22
2711,15
2712,11
2713,8
2714,5
2715,3
2716,2
2717,0
2718,-1
2719,-3
2720,-6
2721,-8
2722,-10
2723,-11
2724,-13
2725,-16
2726,-19
2727,-23
2728,-27
2729,-32
2730,-38
2731,-42
2732,-46
2733,-49
2734,-51
2735,-54
2736,-56
2737,-58
2738,-60
2739,-63
2740,-66
2741,-69
2742,-72
2743,-74
2744,-77
2745,-81
2746,-86
2747,-95
2748,-105
2749,-112
2750,-120
2751,-130
2752,-144
2753,-158
2754,-168
2755,-176
2756,-184
2757,-193
2758,-204
2759,-216
2760,-230
2761,-239
2762,-245
2763,-250
2764,-254
2765,-258
2766,-259
2767,-257
2768,-250
2769,-241
2770,-229
2771,-211
2772,-197
2773,-179
2774,-159
2775,-141
2776,-121
2777,-98
2778,-74
2779,-50
2780,-26
2781,-10
2782,0
2783,10
2784,19
2785,26
2786,33
2787,38
2788,42
2789,47
2790,50
2791,52
2792,54
2793,56
2794,58
2795,59
2796,60
2797,61
2798,62
2799,62
2800,63
2801,63
2802,63
2803,62
2804,62
2805,62
2806,62
2807,61
2808,61
2809,60
2810,60
2811,59
2812,59
2813,58
2814,58
2815,57
2816,56
2817,55
2818,54
2819,53
2820,52
2821,51
2822,49
2823,47
2824,46
2825,45
2826,44
2827,43
2828,41
2829,40
2830,38
2831,37
2832,35
2833,33
2834,29
2835,27
2836,26
2837,26
2838,28
2839,30
2840,32
2841,34
2842,35
2843,37
2844,39
2845,40
2846,42
2847,45
2848,47
2849,48
2850,49
2851,48
2852,48
2853,48
2854,48
2855,49
2856,50
2857,51
2858,52
2859,53
2860,54
2861,55
2862,56
2863,56
2864,56
2865,56
2866,56
2867,56
2868,56
2869,56
2870,56
2871,57
2872,57
2873,57
2874,57
2875,58
2876,58
2877,57
2878,57
2879,57
2880,57
2881,57
2882,58
2883,58
2884,57
2885,57
2886,56
2887,56
2888,56
2889,55
2890,55
2891,54
2892,53
2893,52
2894,51
2895,50
2896,49
2897,48
2898,47
2899,46
2900,45
2901,44
2902,43
2903,41
2904,40
2905,39
2906,38
2907,38
2908,37
2909,37
2910,37
2911,37
2912,38
2913,39
2914,39
2915,40
2916,40
2917,39
2918,39
2919,39
2920,38
2921,36
2922,35
2923,33
2924,31
2925,29
2926,26
2927,24
2928,18
2929,4
2930,-1
2931,-4
2932,-7
2933,-9
2934,-12
2935,-13
2936,-15
2937,-14
2938,-10
2939,-4
2940,2
2941,11
2942,24
2943,32
2944,36
2945,40
2946,43
2947,46
2948,48
2949,47
2950,44
2951,42
2952,40
2953,40
2954,39
2955,39
2956,38
2957,36
2958,35
2959,33
2960,32
2961,31
2962,30
2963,28
2964,27
2965,25
2966,23
2967,7
2968,-36
2969,-108
2970,-209
2971,-333
2972,-457
2973,-527
2974,-526
2975,-454
2976,-282
2977,-59
2978,160
2979,332
2980,408
2981,416
2982,375
2983,298
2984,226
2985,162
2986,95
2987,57
2988,47
2989,41
2990,38
2991,35
2992,30
2993,26
2994,23
2995,19
2996,16
2997,12
2998,8
2999,5
3000,2
3001,0
3002,0
3003,-2
3004,-4
3005,-5
3006,-7
3007,-9
3008,-11
3009,-12
3010,-13
3011,-14
3012,-15
3013,-16
3014,-18
3015,-19
3016,-20
3017,-21
3018,-21
3019,-22
3020,-23
3021,-25
3022,-26
3023,-29
3024,-32
3025,-36
3026,-41
3027,-47
3028,-54
3029,-62
3030,-75
3031,-92
3032,-102
3033,-111
3034,-121
3035,-131
3036,-145
3037,-165
3038,-180
3039,-189
3040,-200
3041,-212
3042,-220
3043,-227
3044,-233
3045,-237
3046,-239
3047,-240
3048,-241
3049,-242
3050,-243
3051,-244
3052,-245
3053,-246
3054,-246
3055,-243
3056,-237
3057,-230
3058,-217
3059,-196
3060,-175
3061,-153
3062,-130
3063,-109
3064,-90
3065,-69
3066,-47
3067,-24
3068,-4
3069,9
3070,23
3071,29
3072,34
3073,37
3074,39
3075,41
3076,42
3077,43
3078,43
3079,43
3080,43
3081,42
3082,42
3083,42
3084,42
3085,41
3086,40
3087,39
3088,37
3089,36
3090,37
3091,39
3092,42
3093,45
3094,47
3095,50
3096,53
3097,56
3098,58
3099,60
3100,60
3101,59
3102,56
3103,53
3104,50
3105,48
3106,45
3107,42
3108,39
3109,36
3110,33
3111,30
3112,27
3113,25
3114,23
3115,19
3116,16
3117,13
3118,12
3119,13
3120,15
3121,17
3122,19
3123,21
3124,22
3125,25
3126,27
3127,29
3128,30
3129,32
3130,34
3131,35
3132,37
3133,39
3134,40
3135,41
3136,41
3137,42
3138,43
3139,44
3140,45
3141,46
3142,47
3143,49
3144,50
3145,52
3146,53
3147,54
3148,54
3149,55
3150,56
3151,57
3152,58
3153,58
3154,57
3155,56
3156,54
3157,53
3158,52
3159,51
3160,49
3161,47
3162,46
3163,44
3164,44
3165,44
3166,43
3167,43
3168,43
3169,43
3170,43
3171,43
3172,43
3173,43
3174,43
3175,43
3176,43
3177,43
3178,45
3179,46
3180,46
3181,47
3182,47
3183,48
3184,48
3185,48
3186,48
3187,48
3188,47
3189,46
3190,45
3191,45
3192,45
3193,44
3194,43
3195,43
3196,41
3197,40
3198,38
3199,35
3200,33
3201,30
3202,27
3203,24
3204,21
3205,17
3206,14
3207,11
3208,8
3209,4
3210,0
3211,-2
3212,-3
3213,0
3214,3
3215,10
3216,17
3217,24
3218,34
3219,43
3220,51
3221,57
3222,61
3223,64
3224,67
3225,71
3226,73
3227,76
3228,78
3229,80
3230,80
3231,81
3232,80
3233,80
3234,80
3235,79
3236,77
3237,76
3238,73
3239,71
3240,68
3241,65
3242,56
3243,36
3244,1
3245,-46
3246,-112
3247,-199
3248,-307
3249,-426
3250,-521
3251,-533
3252,-499
3253,-335
3254,-90
3255,176
3256,396
3257,499
3258,509
3259,455
3260,350
3261,248
3262,178
3263,129
3264,91
3265,68
3266,55
3267,49
3268,45
3269,41
3270,37
3271,32
3272,28
3273,23
3274,19
3275,16
3276,13
3277,11
3278,10
3279,9
3280,8
3281,8
3282,6
3283,5
3284,3
3285,0
3286,-1
3287,-3
3288,-4
3289,-5
3290,-6
3291,-7
3292,-8
3293,-9
3294,-11
3295,-13
3296,-16
3297,-20
3298,-26
3299,-33
3300,-40
3301,-47
3302,-54
3303,-61
3304,-70
3305,-80
3306,-90
3307,-99
3308,-107
3309,-116
3310,-124
3311,-132
3312,-139
3313,-144
3314,-150
3315,-156
3316,-163
3317,-173
3318,-184
3319,-190
3320,-196
3321,-201
3322,-205
3323,-209
3324,-211
3325,-213
3326,-214
3327,-214
3328,-214
3329,-213
3330,-212
3331,-210
3332,-206
3333,-202
3334,-198
3335,-193
3336,-183
3337,-164
3338,-151
3339,-135
3340,-115
3341,-94
3342,-72
3343,-52
3344,-37
3345,-19
3346,-3
3347,9
3348,21
3349,33
3350,42
3351,49
3352,56
3353,61
3354,65
3355,68
3356,70
3357,71
3358,72
3359,74
3360,76
3361,78
3362,79
3363,81
3364,83
3365,85
3366,86
3367,86
3368,85
3369,82
3370,79
3371,76
3372,73
3373,70
3374,66
3375,63
3376,60
3377,57
3378,55
3379,53
3380,48
3381,41
3382,35
3383,32
3384,33
3385,35
3386,39
3387,41
3388,42
3389,42
3390,43
3391,45
3392,47
3393,49
3394,51
3395,53
3396,54
3397,55
3398,56
3399,56
3400,55
3401,55
3402,54
3403,53
3404,52
3405,52
3406,52
3407,52
3408,53
3409,54
3410,55
3411,55
3412,56
3413,58
3414,59
3415,59
3416,60
3417,60
3418,60
3419,60
3420,60
3421,61
3422,61
3423,62
3424,62
3425,63
3426,65
3427,67
3428,68
3429,68
3430,67
3431,66
3432,64
3433,62
3434,60
3435,58
3436,56
3437,54
3438,53
3439,52
3440,51
3441,50
3442,49
3443,49
3444,48
3445,49
3446,50
3447,52
3448,53
3449,54
3450,54
3451,54
3452,55
3453,55
3454,55
3455,54
3456,53
3457,52
3458,51
3459,51
3460,51
3461,50
3462,49
3463,47
3464,45
3465,43
3466,42
3467,40
3468,37
3469,32
3470,28
3471,23
3472,19
3473,17
3474,15
3475,13
3476,11
3477,9
3478,8
3479,8
3480,8
3481,8
3482,8
3483,7
3484,6
3485,7
3486,8
3487,9
3488,11
3489,13
3490,15
3491,19
3492,22
3493,26
3494,28
3495,30
3496,32
3497,34
3498,36
3499,38
3500,40
3501,41
3502,41
3503,41
3504,40
3505,39
3506,37
3507,35
3508,32
3509,29
3510,25
3511,21
3512,15
3513,2
3514,-9
3515,-38
3516,-93
3517,-174
3518,-279
3519,-395
3520,-490
3521,-529
3522,-489
3523,-353
3524,-131
3525,124
3526,351
3527,470
3528,484
3529,433
3530,325
3531,225
3532,147
3533,81
3534,47
3535,38
3536,33
3537,29
3538,26
3539,23
3540,19
3541,15
3542,11
3543,8
3544,5
3545,3
3546,1
3547,0
3548,0
3549,-1
3550,-2
3551,-4
3552,-5
3553,-7
3554,-9
3555,-11
3556,-12
3557,-14
3558,-15
3559,-16
3560,-17
3561,-18
3562,-19
3563,-20
3564,-21
3565,-22
3566,-23
3567,-24
3568,-26
3569,-27
3570,-29
3571,-31
3572,-34
3573,-40
3574,-47
3575,-53
3576,-61
3577,-69
3578,-79
3579,-91
3580,-103
3581,-115
3582,-126
3583,-136
3584,-145
3585,-155
3586,-164
3587,-174
3588,-184
3589,-194
3590,-203
3591,-211
3592,-216
3593,-220
3594,-224
3595,-227
3596,-230
3597,-232
3598,-233
3599,-233
3600,-232
3601,-230
3602,-227
3603,-224
3604,-219
3605,-212
3606,-198
3607,-172
3608,-146
3609,-123
3610,-101
3611,-79
3612,-56
3613,-35
3614,-17
3615,1
3616,12
3617,17
3618,21
3619,26
3620,32
3621,39
3622,44
3623,50
3624,57
3625,63
3626,66
3627,66
3628,65
3629,65
3630,64
3631,63
3632,63
3633,64
3634,64
3635,64
3636,65
3637,65
3638,64
3639,64
3640,65
3641,65
3642,66
3643,67
3644,68
3645,69
3646,72
3647,77
3648,76
3649,64
3650,57
3651,52
3652,47
3653,44
3654,41
3655,40
3656,39
3657,38
3658,36
3659,35
3660,35
3661,34
3662,34
3663,33
3664,32
3665,32
3666,31
3667,31
3668,32
3669,33
3670,33
3671,32
3672,31
3673,31
3674,31
3675,31
3676,31
3677,31
3678,31
3679,31
3680,32
3681,33
3682,35
3683,36
3684,38
3685,39
3686,41
3687,43
3688,45
3689,46
3690,48
3691,54
3692,59
3693,59
3694,54
3695,49
3696,46
3697,44
3698,43
3699,42
3700,42
3701,41
3702,41
3703,40
3704,39
3705,38
3706,37
3707,37
3708,36
3709,36
3710,35
3711,34
3712,34
3713,34
3714,34
3715,34
3716,34
3717,34
3718,33
3719,33
3720,33
3721,32
3722,31
3723,30
3724,29
3725,28
3726,27
3727,26
3728,25
3729,24
3730,24
3731,24
3732,24
3733,24
3734,24
3735,24
3736,25
3737,25
3738,25
3739,25
3740,25
3741,24
3742,24
3743,25
3744,25
3745,25
3746,24
3747,24
3748,23
3749,23
3750,22
3751,21
3752,19
3753,17
3754,15
3755,12
3756,8
3757,-3
3758,-15
3759,-22
3760,-27
3761,-31
3762,-34
3763,-35
3764,-34
3765,-32
3766,-28
3767,-23
3768,-14
3769,5
3770,17
3771,22
3772,26
3773,30
3774,33
3775,35
3776,37
3777,38
3778,39
3779,40
3780,40
3781,41
3782,42
3783,42
3784,44
3785,48
3786,50
3787,46
3788,40
3789,35
3790,33
3791,30
3792,28
3793,27
3794,25
3795,24
3796,22
3797,18
3798,6
3799,-39
3800,-107
3801,-199
3802,-312
3803,-431
3804,-525
3805,-553
3806,-490
3807,-327
3808,-92
3809,156
3810,358
3811,450
3812,459
3813,411
3814,320
3815,237
3816,174
3817,127
3818,103
3819,83
3820,62
3821,51
3822,45
3823,41
3824,37
3825,34
3826,31
3827,29
3828,26
3829,24
3830,23
3831,21
3832,20
3833,20
3834,19
3835,19
3836,20
3837,20
3838,20
3839,20
3840,19
3841,18
3842,17
3843,16
3844,15
3845,14
3846,13
3847,11
3848,10
3849,9
3850,7
3851,2
3852,-10
3853,-19
3854,-24
3855,-27
3856,-30
3857,-32
3858,-35
3859,-39
3860,-43
3861,-46
3862,-51
3863,-56
3864,-68
3865,-88
3866,-105
3867,-125
3868,-143
3869,-156
3870,-168
3871,-176
3872,-181
3873,-185
3874,-188
3875,-191
3876,-194
3877,-196
3878,-199
3879,-201
3880,-203
3881,-206
3882,-209
3883,-212
3884,-213
3885,-212
3886,-209
3887,-205
3888,-200
3889,-190
3890,-171
3891,-151
3892,-133
3893,-118
3894,-104
3895,-86
3896,-59
3897,-27
3898,-10
3899,1
3900,9
3901,17
3902,25
3903,32
3904,38
3905,43
3906,48
3907,54
3908,58
3909,61
3910,63
3911,66
3912,68
3913,70
3914,72
3915,73
3916,74
3917,74
3918,75
3919,76
3920,76
3921,77
3922,77
3923,78
3924,81
3925,79
3926,70
3927,64
3928,60
3929,56
3930,52
3931,50
3932,48
3933,47
3934,46
3935,45
3936,45
3937,45
3938,45
3939,45
3940,45
3941,45
3942,44
3943,44
3944,44
3945,44
3946,44
3947,44
3948,44
3949,44
3950,44
3951,44
3952,44
3953,45
3954,45
3955,45
3956,45
3957,45
3958,45
3959,44
3960,45
3961,45
3962,46
3963,47
3964,47
3965,48
3966,48
3967,48
3968,48
3969,49
3970,49
3971,49
3972,49
3973,50
3974,50
3975,52
3976,53
3977,55
3978,56
3979,57
3980,57
3981,58
3982,57
3983,57
3984,55
3985,52
3986,49
3987,47
3988,45
3989,43
3990,43
3991,41
3992,39
3993,38
3994,36
3995,36
3996,36
3997,36
3998,36
3999,36
4000,36
4001,36
4002,36
4003,37
4004,37
4005,37
4006,38
4007,38
4008,39
4009,39
4010,40
4011,40
4012,40
4013,40
4014,39
4015,38
4016,37
4017,36
4018,34
4019,33
4020,32
4021,31
4022,30
4023,29
4024,28
4025,28
4026,27
4027,26
4028,24
4029,23
4030,21
4031,19
4032,17
4033,15
4034,12
4035,7
4036,1
4037,-2
4038,-5
4039,-8
4040,-11
4041,-15
4042,-18
4043,-20
4044,-20
4045,-16
4046,-10
4047,-4
4048,2
4049,10
4050,17
4051,22
4052,26
4053,28
4054,30
4055,32
4056,33
4057,35
4058,36
4059,37
4060,37
4061,38
4062,38
4063,38
4064,38
4065,37
4066,36
4067,35
4068,33
4069,31
4070,28
4071,24
4072,21
4073,2
4074,-29
4075,-77
4076,-141
4077,-224
4078,-328
4079,-440
4080,-519
4081,-524
4082,-475
4083,-320
4084,-98
4085,141
4086,337
4087,432
4088,441
4089,390
4090,292
4091,203
4092,135
4093,86
4094,58
4095,51
4096,46
4097,43
4098,39
4099,35
4100,31
4101,27
4102,22
4103,14
4104,7
4105,2
4106,-2
4107,-7
4108,-9
4109,-6
4110,-1
4111,2
4112,5
4113,8
4114,10
4115,11
4116,10
4117,6
4118,1
4119,-2
4120,-6
4121,-11
4122,-17
4123,-22
4124,-26
4125,-30
4126,-34
4127,-39
4128,-44
4129,-50
4130,-57
4131,-64
4132,-69
4133,-74
4134,-78
4135,-82
4136,-85
4137,-88
4138,-91
4139,-96
4140,-104
4141,-112
4142,-119
4143,-125
4144,-133
4145,-141
4146,-155
4147,-173
4148,-185
4149,-191
4150,-197
4151,-204
4152,-211
4153,-215
4154,-219
4155,-222
4156,-225
4157,-227
4158,-229
4159,-229
4160,-228
4161,-226
4162,-223
4163,-219
4164,-215
4165,-205
4166,-187
4167,-171
4168,-156
4169,-140
4170,-125
4171,-101
4172,-68
4173,-46
4174,-21
4175,1
4176,16
4177,28
4178,42
4179,50
4180,55
4181,60
4182,63
4183,65
4184,67
4185,67
4186,68
4187,68
4188,68
4189,68
4190,68
4191,69
4192,70
4193,71
4194,72
4195,72
4196,73
4197,73
4198,73
4199,73
4200,72
4201,71
4202,70
4203,69
4204,68
4205,67
4206,67
4207,66
4208,65
4209,64
4210,63
4211,59
4212,56
4213,57
4214,60
4215,65
4216,69
4217,73
4218,77
4219,76
4220,70
4221,62
4222,54
4223,43
4224,40
4225,38
4226,37
4227,35
4228,34
4229,39
4230,49
4231,56
4232,61
4233,66
4234,69
4235,71
4236,73
4237,75
4238,76
4239,77
4240,77
4241,78
4242,79
4243,80
4244,80
4245,80
4246,80
4247,80
4248,80
4249,79
4250,79
4251,78
4252,76
4253,74
4254,73
4255,71
4256,70
4257,69
4258,68
4259,67
4260,67
4261,66
4262,66
4263,65
4264,65
4265,64
4266,63
4267,62
4268,61
4269,60
4270,59
4271,59
4272,59
4273,59
4274,59
4275,59
4276,58
4277,58
4278,58
4279,57
4280,56
4281,55
4282,53
4283,53
4284,52
4285,52
4286,52
4287,52
4288,52
4289,52
4290,52
4291,52
4292,52
4293,52
4294,51
4295,49
4296,48
4297,46
4298,44
4299,42
4300,40
4301,38
4302,36
4303,34
4304,32
4305,31
4306,30
4307,28
4308,25
4309,23
4310,20
4311,17
4312,15
4313,13
4314,12
4315,10
4316,9
4317,9
4318,10
4319,11
4320,13
4321,16
4322,18
4323,20
4324,22
4325,25
4326,27
4327,30
4328,33
4329,36
4330,39
4331,43
4332,48
4333,52
4334,56
4335,59
4336,60
4337,61
4338,62
4339,62
4340,63
4341,63
4342,63
4343,64
4344,66
4345,66
4346,60
4347,49
4348,31
4349,8
4350,-30
4351,-83
4352,-158
4353,-256
4354,-366
4355,-472
4356,-517
4357,-505
4358,-397
4359,-188
4360,64
4361,294
4362,440
4363,476
4364,423
4365,325
4366,225
4367,145
4368,94
4369,73
4370,63
4371,57
4372,50
4373,43
4374,35
4375,28
4376,20
4377,12
4378,7
4379,5
4380,3
4381,1
4382,0
4383,-2
4384,-4
4385,-6
4386,-9
4387,-11
4388,-13
4389,-15
4390,-18
4391,-20
4392,-23
4393,-25
4394,-29
4395,-32
4396,-35
4397,-38
4398,-40
4399,-42
4400,-44
4401,-46
4402,-48
4403,-50
4404,-52
4405,-53
4406,-54
4407,-56
4408,-57
4409,-59
4410,-61
4411,-63
4412,-66
4413,-68
4414,-72
4415,-79
4416,-92
4417,-105
4418,-122
4419,-142
4420,-158
4421,-170
4422,-180
4423,-191
4424,-209
4425,-221
4426,-228
4427,-232
4428,-235
4429,-237
4430,-238
4431,-238
4432,-239
4433,-240
4434,-242
4435,-241
4436,-232
4437,-223
4438,-216
4439,-208
4440,-201
4441,-189
4442,-171
4443,-154
4444,-136
4445,-120
4446,-108
4447,-97
4448,-83
4449,-64
4450,-44
4451,-22
4452,-4
4453,6
4454,15
4455,23
4456,32
4457,42
4458,50
4459,54
4460,57
4461,59
4462,62
4463,66
4464,69
4465,71
4466,73
4467,75
4468,77
4469,79
4470,80
4471,80
4472,77
4473,73
4474,68
4475,65
4476,62
4477,60
4478,57
4479,55
4480,52
4481,50
4482,48
4483,46
4484,44
4485,42
4486,41
4487,39
4488,37
4489,37
4490,36
4491,35
4492,34
4493,32
4494,30
4495,29
4496,27
4497,25
4498,24
4499,23
4500,23
4501,22
4502,23
4503,24
4504,25
4505,27
4506,29
4507,32
4508,34
4509,36
4510,37
4511,39
4512,42
4513,45
4514,49
4515,51
4516,52
4517,51
4518,49
4519,47
4520,45
4521,43
4522,41
4523,39
4524,37
4525,35
4526,34
4527,33
4528,33
4529,33
4530,34
4531,35
4532,36
4533,37
4534,38
4535,39
4536,40
4537,40
4538,40
4539,40
4540,39
4541,39
4542,39
4543,40
4544,40
4545,40
4546,40
4547,40
4548,40
4549,40
4550,40
4551,39
4552,39
4553,38
4554,37
4555,37
4556,37
4557,36
4558,36
4559,35
4560,34
4561,33
4562,32
4563,32
4564,31
4565,30
4566,29
4567,28
4568,27
4569,26
4570,25
4571,24
4572,23
4573,21
4574,20
4575,19
4576,18
4577,18
4578,19
4579,20
4580,21
4581,23
4582,25
4583,28
4584,31
4585,34
4586,39
4587,44
4588,47
4589,47
4590,44
4591,39
4592,34
4593,28
4594,22
4595,15
4596,8
4597,1
4598,-5
4599,-10
4600,-15
4601,-20
4602,-23
4603,-25
4604,-24
4605,-21
4606,-17
4607,-13
4608,-8
4609,-1
4610,8
4611,16
4612,21
4613,24
4614,26
4615,28
4616,30
4617,33
4618,35
4619,37
4620,38
4621,39
4622,39
4623,39
4624,39
4625,39
4626,38
4627,37
4628,36
4629,35
4630,35
4631,35
4632,34
4633,32
4634,30
4635,28
4636,25
4637,10
4638,-24
4639,-83
4640,-165
4641,-273
4642,-400
4643,-523
4644,-581
4645,-571
4646,-461
4647,-244
4648,18
4649,258
4650,413
4651,461
4652,422
4653,330
4654,228
4655,144
4656,88
4657,63
4658,52
4659,46
4660,42
4661,39
4662,35
4663,30
4664,26
4665,22
4666,16
4667,10
4668,3
4669,-2
4670,-7
4671,-10
4672,-12
4673,-14
4674,-16
4675,-17
4676,-18
4677,-19
4678,-19
4679,-20
4680,-21
4681,-22
4682,-24
4683,-25
4684,-26
4685,-27
4686,-28
4687,-29
4688,-30
4689,-32
4690,-35
4691,-37
4692,-40
4693,-45
4694,-51
4695,-57
4696,-63
4697,-69
4698,-74
4699,-80
4700,-87
4701,-93
4702,-98
4703,-104
4704,-113
4705,-125
4706,-138
4707,-148
4708,-155
4709,-162
4710,-169
4711,-175
4712,-181
4713,-186
4714,-192
4715,-198
4716,-204
4717,-211
4718,-218
4719,-226
4720,-232
4721,-237
4722,-240
4723,-244
4724,-247
4725,-250
4726,-250
4727,-244
4728,-234
4729,-218
4730,-192
4731,-166
4732,-141
4733,-117
4734,-94
4735,-71
4736,-49
4737,-28
4738,-6
4739,9
4740,18
4741,25
4742,34
4743,41
4744,43
4745,45
4746,46
4747,47
4748,49
4749,50
4750,52
4751,54
4752,55
4753,56
4754,56
4755,57
4756,58
4757,58
4758,58
4759,58
4760,57
4761,57
4762,57
4763,56
4764,56
4765,56
4766,56
4767,56
4768,56
4769,56
4770,55
4771,55
4772,54
4773,53
4774,52
4775,51
4776,51
4777,51
4778,51
4779,51
4780,51
4781,52
4782,53
4783,54
4784,56
4785,57
4786,57
4787,57
4788,56
4789,56
4790,55
4791,54
4792,54
4793,54
4794,54
4795,55
4796,55
4797,55
4798,55
4799,55
4800,55
4801,54
4802,54
4803,53
4804,52
4805,51
4806,50
4807,50
4808,49
4809,49
4810,50
4811,51
4812,51
4813,52
4814,53
4815,54
4816,55
4817,56
4818,57
4819,58
4820,60
4821,61
4822,62
4823,62
4824,63
4825,64
4826,66
4827,67
4828,68
4829,67
4830,66
4831,65
4832,63
4833,62
4834,62
4835,61
4836,61
4837,60
4838,59
4839,57
4840,57
4841,56
4842,54
4843,52
4844,50
4845,49
4846,48
4847,47
4848,47
4849,46
4850,46
4851,45
4852,45
4853,45
4854,45
4855,45
4856,44
4857,44
4858,43
4859,43
4860,44
4861,44
4862,44
4863,44
4864,43
4865,43
4866,43
4867,43
4868,43
4869,42
4870,41
4871,40
4872,39
4873,38
4874,37
4875,36
4876,34
4877,32
4878,30
4879,28
4880,25
4881,22
4882,18
4883,14
4884,10
4885,7
4886,5
4887,4
4888,3
4889,2
4890,1
4891,1
4892,1
4893,0
4894,0
4895,-1
4896,-4
4897,-7
4898,-1
4899,8
4900,14
4901,18
4902,22
4903,26
4904,30
4905,33
4906,36
4907,38
4908,39
4909,39
4910,39
4911,40
4912,40
4913,41
4914,41
4915,42
4916,42
4917,43
4918,43
4919,44
4920,43
4921,41
4922,37
4923,31
4924,23
4925,9
4926,-18
4927,-65
4928,-139
4929,-243
4930,-367
4931,-486
4932,-553
4933,-553
4934,-483
4935,-309
4936,-77
4937,158
4938,350
4939,441
4940,447
4941,388
4942,287
4943,196
4944,129
4945,75
4946,49
4947,38
4948,32
4949,28
4950,25
4951,20
4952,15
4953,9
4954,5
4955,1
4956,0
4957,-2
4958,-3
4959,-4
4960,-4
4961,-5
4962,-5
4963,-6
4964,-8
4965,-9
4966,-12
4967,-14
4968,-15
4969,-17
4970,-17
4971,-18
4972,-19
4973,-21
4974,-22
4975,-24
4976,-27
4977,-30
4978,-36
4979,-43
4980,-50
4981,-57
4982,-64
4983,-70
4984,-77
4985,-83
4986,-89
4987,-95
4988,-102
4989,-110
4990,-116
4991,-123
4992,-130
4993,-136
4994,-142
4995,-147
4996,-151
4997,-154
4998,-157
4999,-163
5000,-173
5001,-186
5002,-200
5003,-213
5004,-230
5005,-241
5006,-248
5007,-254
5008,-259
5009,-261
5010,-260
5011,-257
5012,-252
5013,-248
5014,-243
5015,-237
5016,-230
5017,-223
5018,-214
5019,-199
5020,-176
5021,-152
5022,-127
5023,-99
5024,-72
5025,-46
5026,-19
5027,-5
5028,0
5029,5
5030,9
5031,13
5032,17
5033,20
5034,22
5035,24
5036,26
5037,30
5038,37
5039,44
5040,49
5041,51
5042,52
5043,54
5044,55
5045,56
5046,58
5047,58
5048,59
5049,60
5050,60
5051,61
5052,61
5053,60
5054,59
5055,58
5056,57
5057,56
5058,56
5059,55
5060,53
5061,52
5062,51
5063,50
5064,49
5065,49
5066,48
5067,48
5068,47
5069,46
5070,46
5071,45
5072,44
5073,43
5074,43
5075,43
5076,45
5077,49
5078,53
5079,56
5080,59
5081,61
5082,64
5083,66
5084,69
5085,72
5086,74
5087,74
5088,75
5089,74
5090,73
5091,72
5092,71
5093,70
5094,68
5095,67
5096,65
5097,65
5098,65
5099,65
5100,66
5101,66
5102,67
5103,67
5104,68
5105,68
5106,68
5107,68
5108,68
5109,68
5110,68
5111,68
5112,69
5113,69
5114,70
5115,71
5116,71
5117,72
5118,72
5119,73
5120,73
5121,73
5122,73
5123,73
5124,72
5125,72
5126,71
5127,70
5128,70
5129,69
5130,69
5131,68
5132,68
5133,68
5134,68
5135,68
5136,68
5137,68
5138,68
5139,67
5140,67
5141,67
5142,66
5143,66
5144,66
5145,66
5146,66
5147,65
5148,65
5149,64
5150,63
5151,62
5152,61
5153,60
5154,59
5155,57
5156,55
5157,53
5158,52
5159,50
5160,44
5161,37
5162,34
5163,32
5164,30
5165,29
5166,28
5167,27
5168,26
5169,26
5170,27
5171,29
5172,34
5173,39
5174,46
5175,56
5176,59
5177,60
5178,61
5179,62
5180,62
5181,63
5182,63
5183,63
5184,63
5185,63
5186,63
5187,63
5188,63
5189,62
5190,61
5191,60
5192,58
5193,57
5194,56
5195,55
5196,53
5197,52
5198,50
5199,46
5200,32
5201,3
5202,-42
5203,-106
5204,-190
5205,-292
5206,-400
5207,-489
5208,-522
5209,-470
5210,-321
5211,-97
5212,151
5213,359
5214,467
5215,479
5216,432
5217,333
5218,250
5219,193
5220,145
5221,107
5222,85
5223,47
5224,14
5225,4
5226,0
5227,-5
5228,-7
5229,-10
5230,-12
5231,-14
5232,-18
5233,-22
5234,-24
5235,-24
5236,-23
5237,-20
5238,-18
5239,-16
5240,-13
5241,-10
5242,-8
5243,-9
5244,-12
5245,-16
5246,-19
5247,-21
5248,-23
5249,-25
5250,-27
5251,-30
5252,-33
5253,-36
5254,-39
5255,-41
5256,-44
5257,-49
5258,-54
5259,-61
5260,-68
5261,-75
5262,-82
5263,-90
5264,-98
5265,-104
5266,-110
5267,-118
5268,-128
5269,-143
5270,-154
5271,-162
5272,-170
5273,-177
5274,-183
5275,-192
5276,-204
5277,-219
5278,-226
5279,-231
5280,-235
5281,-238
5282,-241
5283,-242
5284,-243
5285,-243
5286,-242
5287,-241
5288,-238
5289,-236
5290,-232
5291,-228
5292,-221
5293,-208
5294,-196
5295,-180
5296,-158
5297,-133
5298,-110
5299,-88
5300,-67
5301,-48
5302,-26
5303,-6
5304,7
5305,17
5306,25
5307,32
5308,39
5309,47
5310,58
5311,67
5312,69
5313,70
5314,71
5315,72
5316,73
5317,73
5318,71
5319,68
5320,66
5321,64
5322,63
5323,61
5324,58
5325,56
5326,53
5327,51
5328,49
5329,47
5330,45
5331,43
5332,42
5333,41
5334,41
5335,41
5336,41
5337,40
5338,39
5339,39
5340,38
5341,37
5342,37
5343,36
5344,35
5345,35
5346,35
5347,35
5348,35
5349,36
5350,36
5351,35
5352,35
5353,35
5354,35
5355,35
5356,35
5357,35
5358,35
5359,35
5360,35
5361,35
5362,36
5363,36
5364,37
5365,39
5366,40
5367,41
5368,42
5369,44
5370,45
5371,48
5372,57
5373,64
5374,69
5375,72
5376,75
5377,78
5378,80
5379,80
5380,77
5381,73
5382,69
5383,67
5384,64
5385,62
5386,59
5387,57
5388,55
5389,54
5390,54
5391,54
5392,55
5393,57
5394,59
5395,61
5396,64
5397,66
5398,69
5399,71
5400,74
5401,76
5402,77
5403,78
5404,79
5405,78
5406,77
5407,76
5408,74
5409,71
5410,68
5411,65
5412,61
5413,59
5414,56
5415,54
5416,51
5417,48
5418,46
5419,44
5420,42
5421,41
5422,41
5423,41
5424,41
5425,42
5426,43
5427,45
5428,47
5429,48
5430,50
5431,51
5432,54
5433,56
5434,58
5435,58
5436,54
5437,48
5438,41
5439,35
5440,29
5441,22
5442,15
5443,8
5444,2
5445,-2
5446,-8
5447,-13
5448,-15
5449,-16
5450,-14
5451,-9
5452,-4
5453,5
5454,24
5455,40
5456,51
5457,53
5458,55
5459,58
5460,59
5461,57
5462,53
5463,50
5464,49
5465,48
5466,47
5467,46
5468,45
5469,44
5470,42
5471,40
5472,38
5473,37
5474,35
5475,32
5476,29
5477,26
5478,16
5479,-6
5480,-49
5481,-113
5482,-201
5483,-307
5484,-418
5485,-496
5486,-502
5487,-456
5488,-303
5489,-81
5490,162
5491,359
5492,437
5493,440
5494,375
5495,289
5496,214
5497,152
5498,93
5499,52
5500,34
5501,26
5502,23
5503,20
5504,18
5505,15
5506,13
5507,10
5508,8
5509,6
5510,5
5511,3
5512,0
5513,-1
5514,-4
5515,-5
5516,-5
5517,-5
5518,-4
5519,-3
5520,-2
5521,-1
5522,0
5523,2
5524,2
5525,-2
5526,-9
5527,-15
5528,-20
5529,-25
5530,-29
5531,-34
5532,-38
5533,-43
5534,-48
5535,-52
5536,-57
5537,-62
5538,-67
5539,-76
5540,-87
5541,-100
5542,-110
5543,-118
5544,-124
5545,-129
5546,-134
5547,-138
5548,-141
5549,-145
5550,-149
5551,-153
5552,-157
5553,-163
5554,-174
5555,-193
5556,-207
5557,-216
5558,-221
5559,-225
5560,-227
5561,-229
5562,-231
5563,-232
5564,-233
5565,-233
5566,-232
5567,-228
5568,-224
5569,-219
5570,-211
5571,-198
5572,-188
5573,-175
5574,-156
5575,-135
5576,-112
5577,-86
5578,-61
5579,-37
5580,-13
5581,3
5582,12
5583,20
5584,29
5585,36
5586,41
5587,44
5588,47
5589,50
5590,53
5591,55
5592,57
5593,58
5594,60
5595,61
5596,62
5597,62
5598,62
5599,63
5600,63
5601,64
5602,63
5603,63
5604,62
5605,62
5606,61
5607,61
5608,61
5609,60
5610,59
5611,57
5612,55
5613,52
5614,50
5615,49
5616,47
5617,45
5618,43
5619,42
5620,41
5621,39
5622,38
5623,37
5624,37
5625,38
5626,39
5627,40
5628,42
5629,43
5630,44
5631,46
5632,47
5633,48
5634,48
5635,49
5636,49
5637,49
5638,51
5639,54
5640,56
5641,57
5642,55
5643,52
5644,50
5645,48
5646,46
5647,44
5648,42
5649,41
5650,41
5651,43
5652,47
5653,51
5654,54
5655,57
5656,59
5657,61
5658,63
5659,66
5660,67
5661,68
5662,69
5663,69
5664,69
5665,69
5666,70
5667,69
5668,69
5669,68
5670,67
5671,67
5672,66
5673,66
5674,64
5675,62
5676,61
5677,59
5678,58
5679,57
5680,56
5681,55
5682,54
5683,53
5684,53
5685,53
5686,53
5687,53
5688,53
5689,52
5690,52
5691,51
5692,51
5693,50
5694,49
5695,48
5696,48
5697,47
5698,46
5699,46
5700,46
5701,45
5702,45
5703,43
5704,42
5705,41
5706,39
5707,38
5708,37
5709,37
5710,36
5711,35
5712,35
5713,34
5714,34
5715,33
5716,33
5717,31
5718,29
5719,27
5720,25
5721,22
5722,20
5723,17
5724,14
5725,12
5726,10
5727,8
5728,5
5729,2
5730,0
5731,-5
5732,-9
5733,-11
5734,-12
5735,-11
5736,-8
5737,-4
5738,0
5739,9
5740,22
5741,25
5742,26
5743,28
5744,29
5745,30
5746,31
5747,32
5748,32
5749,33
5750,33
5751,35
5752,35
5753,35
5754,34
5755,33
5756,33
5757,33
5758,32
5759,31
5760,30
5761,28
5762,26
5763,23
5764,20
5765,1
5766,-37
5767,-98
5768,-185
5769,-294
5770,-415
5771,-515
5772,-559
5773,-524
5774,-394
5775,-182
5776,62
5777,281
5778,420
5779,456
5780,406
5781,317
5782,225
5783,149
5784,91
5785,63
5786,45
5787,31
5788,16
5789,10
5790,7
5791,4
5792,2
5793,0
5794,0
5795,-2
5796,-3
5797,-3
5798,-4
5799,-5
5800,-5
5801,-5
5802,-6
5803,-7
5804,-9
5805,-10
5806,-12
5807,-13
5808,-15
5809,-16
5810,-17
5811,-18
5812,-19
5813,-21
5814,-22
5815,-24
5816,-26
5817,-28
5818,-32
5819,-37
5820,-42
5821,-47
5822,-51
5823,-56
5824,-60
5825,-65
5826,-71
5827,-79
5828,-88
5829,-94
5830,-101
5831,-107
5832,-114
5833,-121
5834,-129
5835,-138
5836,-149
5837,-164
5838,-180
5839,-198
5840,-215
5841,-226
5842,-231
5843,-234
5844,-237
5845,-239
5846,-241
5847,-242
5848,-243
5849,-243
5850,-243
5851,-243
5852,-241
5853,-239
5854,-236
5855,-232
5856,-227
5857,-221
5858,-207
5859,-182
5860,-160
5861,-139
5862,-118
5863,-99
5864,-82
5865,-63
5866,-46
5867,-33
5868,-17
5869,2
5870,26
5871,36
5872,39
5873,42
5874,45
5875,47
5876,48
5877,49
5878,51
5879,52
5880,53
5881,53
5882,55
5883,55
5884,55
5885,56
5886,56
5887,56
5888,56
5889,56
5890,57
5891,57
5892,58
5893,59
5894,60
5895,61
5896,61
5897,61
5898,61
5899,61
5900,61
5901,61
5902,62
5903,62
5904,62
5905,62
5906,61
5907,60
5908,59
5909,58
5910,57
5911,56
5912,54
5913,52
5914,50
5915,48
5916,46
5917,44
5918,42
5919,39
5920,37
5921,36
5922,37
5923,39
5924,42
5925,46
5926,49
5927,50
5928,51
5929,53
5930,54
5931,55
5932,56
5933,56
5934,57
5935,58
5936,58
5937,58
5938,59
5939,59
5940,60
5941,60
5942,60
5943,61
5944,61
5945,61
5946,61
5947,61
5948,62
5949,62
5950,62
5951,62
5952,62
5953,62
5954,63
5955,63
5956,63
5957,63
5958,63
5959,63
5960,62
5961,61
5962,59
5963,58
5964,56
5965,55
5966,54
5967,52
5968,51
5969,51
5970,50
5971,50
5972,49
5973,49
5974,49
5975,48
5976,47
5977,46
5978,45
5979,44
5980,43
5981,42
5982,41
5983,40
5984,40
5985,39
5986,38
5987,36
5988,35
5989,33
5990,32
5991,31
5992,29
5993,28
5994,25
5995,22
5996,19
5997,16
5998,14
5999,14
6000,14
6001,14
6002,15
6003,16
6004,18
6005,19
6006,21
6007,23
6008,25
6009,27
6010,27
6011,24
6012,19
6013,12
6014,4
6015,-6
6016,-14
6017,-18
6018,-23
6019,-28
6020,-31
6021,-27
6022,-17
6023,-6
6024,7
6025,22
6026,28
6027,32
6028,36
6029,39
6030,42
6031,44
6032,46
6033,47
6034,47
6035,48
6036,47
6037,47
6038,47
6039,46
6040,44
6041,42
6042,40
6043,38
6044,35
6045,32
6046,28
6047,19
6048,10
6049,0
6050,-14
6051,-37
6052,-80
6053,-140
6054,-222
6055,-324
6056,-433
6057,-512
6058,-517
6059,-466
6060,-296
6061,-59
6062,181
6063,368
6064,450
6065,456
6066,406
6067,324
6068,243
6069,175
6070,112
6071,58
6072,26
6073,20
6074,14
6075,9
6076,5
6077,2
6078,0
6079,-1
6080,-2
6081,-2
6082,-1
6083,0
6084,0
6085,0
6086,2
6087,3
6088,4
6089,5
6090,5
6091,6
6092,6
6093,7
6094,11
6095,15
6096,12
6097,5
6098,-1
6099,-8
6100,-14
6101,-20
6102,-24
6103,-28
6104,-31
6105,-35
6106,-39
6107,-43
6108,-47
6109,-52
6110,-58
6111,-68
6112,-78
6113,-89
6114,-96
6115,-101
6116,-106
6117,-110
6118,-115
6119,-119
6120,-122
6121,-126
6122,-132
6123,-143
6124,-155
6125,-167
6126,-179
6127,-193
6128,-201
6129,-207
6130,-212
6131,-216
6132,-219
6133,-222
6134,-224
6135,-226
6136,-230
6137,-234
6138,-238
6139,-238
6140,-232
6141,-223
6142,-208
6143,-186
6144,-163
6145,-142
6146,-121
6147,-101
6148,-81
6149,-59
6150,-39
6151,-25
6152,-12
6153,0
6154,11
6155,27
6156,35
6157,40
6158,44
6159,47
6160,50
6161,52
6162,54
6163,56
6164,58
6165,59
6166,60
6167,61
6168,62
6169,64
6170,65
6171,66
6172,67
6173,69
6174,70
6175,70
6176,71
6177,71
6178,71
6179,71
6180,70
6181,69
6182,68
6183,67
6184,66
6185,65
6186,64
6187,63
6188,62
6189,61
6190,60
6191,58
6192,56
6193,54
6194,51
6195,49
6196,47
6197,46
6198,46
6199,46
6200,46
6201,46
6202,46
6203,46
6204,45
6205,42
6206,41
6207,45
6208,52
6209,55
6210,58
6211,60
6212,63
6213,65
6214,67
6215,69
6216,70
6217,71
6218,70
6219,70
6220,69
6221,67
6222,65
6223,64
6224,62
6225,60
6226,59
6227,58
6228,56
6229,55
6230,53
6231,52
6232,51
6233,50
6234,49
6235,48
6236,47
6237,48
6238,49
6239,52
6240,55
6241,57
6242,60
6243,62
6244,65
6245,69
6246,72
6247,72
6248,70
6249,65
6250,60
6251,56
6252,54
6253,53
6254,51
6255,49
6256,47
6257,45
6258,44
6259,43
6260,42
6261,41
6262,40
6263,39
6264,39
6265,39
6266,40
6267,40
6268,41
6269,41
6270,41
6271,41
6272,41
6273,41
6274,40
6275,39
6276,37
6277,36
6278,35
6279,34
6280,33
6281,32
6282,31
6283,29
6284,27
6285,25
6286,23
6287,18
6288,13
6289,8
6290,3
6291,1
6292,0
6293,-2
6294,-3
6295,-4
6296,-6
6297,-8
6298,-9
6299,-10
6300,-6
6301,1
6302,9
6303,15
6304,22
6305,28
6306,33
6307,36
6308,39
6309,41
6310,43
6311,44
6312,45
6313,46
6314,47
6315,48
6316,49
6317,49
6318,49
6319,48
6320,47
6321,45
6322,42
6323,38
6324,33
6325,23
6326,4
6327,-26
6328,-70
6329,-131
6330,-214
6331,-319
6332,-432
6333,-511
6334,-517
6335,-466
6336,-303
6337,-73
6338,166
6339,355
6340,441
6341,448
6342,402
6343,311
6344,222
6345,158
6346,107
6347,65
6348,36
6349,21
6350,16
6351,12
6352,9
6353,5
6354,3
6355,2
6356,0
6357,0
6358,-1
6359,-3
6360,-4
6361,-5
6362,-5
6363,-5
6364,-6
6365,-6
6366,-7
6367,-7
6368,-7
6369,-8
6370,-9
6371,-11
6372,-13
6373,-15
6374,-18
6375,-21
6376,-24
6377,-28
6378,-32
6379,-36
6380,-40
6381,-45
6382,-51
6383,-57
6384,-62
6385,-66
6386,-69
6387,-71
6388,-74
6389,-77
6390,-80
6391,-83
6392,-88
6393,-95
6394,-102
6395,-112
6396,-125
6397,-138
6398,-150
6399,-166
6400,-184
6401,-196
6402,-205
6403,-212
6404,-217
6405,-222
6406,-226
6407,-229
6408,-232
6409,-235
6410,-238
6411,-240
6412,-242
6413,-241
6414,-239
6415,-234
6416,-228
6417,-220
6418,-209
6419,-189
6420,-173
6421,-158
6422,-143
6423,-129
6424,-111
6425,-91
6426,-74
6427,-56
6428,-38
6429,-18
6430,0
6431,13
6432,29
6433,40
6434,48
6435,53
6436,57
6437,58
6438,59
6439,59
6440,60
6441,60
6442,60
6443,61
6444,61
6445,62
6446,63
6447,63
6448,63
6449,63
6450,62
6451,61
6452,61
6453,60
6454,59
6455,58
6456,58
6457,58
6458,58
6459,59
6460,59
6461,58
6462,58
6463,57
6464,56
6465,56
6466,54
6467,52
6468,50
6469,49
6470,48
6471,48
6472,48
6473,47
6474,47
6475,46
6476,45
6477,45
6478,44
6479,43
6480,41
6481,40
6482,38
6483,38
6484,39
6485,40
6486,41
6487,42
6488,44
6489,47
6490,50
6491,52
6492,54
6493,55
6494,56
6495,56
6496,56
6497,56
6498,57
6499,57
6500,58
6501,58
6502,59
6503,60
6504,61
6505,62
6506,63
6507,63
6508,63
6509,63
6510,63
6511,63
6512,62
6513,62
6514,62
6515,62
6516,62
6517,62
6518,62
6519,61
6520,62
6521,62
6522,61
6523,61
6524,61
6525,60
6526,60
6527,60
6528,60
6529,61
6530,61
6531,61
6532,61
6533,61
6534,61
6535,60
6536,60
6537,58
6538,56
6539,54
6540,52
6541,51
6542,50
6543,50
6544,50
6545,49
6546,48
6547,47
6548,47
6549,45
6550,43
6551,40
6552,36
6553,33
6554,30
6555,28
6556,26
6557,25
6558,24
6559,25
6560,26
6561,27
6562,29
6563,31
6564,32
6565,33
6566,33
6567,34
6568,34
6569,35
6570,36
6571,37
6572,38
6573,35
6574,30
6575,24
6576,15
6577,3
6578,-7
6579,-14
6580,-20
6581,-25
6582,-25
6583,-19
6584,-9
6585,0
6586,13
6587,22
6588,29
6589,32
6590,34
6591,37
6592,39
6593,41
6594,42
6595,42
6596,43
6597,45
6598,46
6599,46
6600,46
6601,45
6602,44
6603,43
6604,42
6605,40
6606,37
6607,33
6608,30
6609,25
6610,20
6611,-4
6612,-53
6613,-124
6614,-223
6615,-347
6616,-476
6617,-559
6618,-563
6619,-498
6620,-309
6621,-56
6622,207
6623,419
6624,500
6625,498
6626,404
6627,284
6628,187
6629,115
6630,59
6631,38
6632,32
6633,30
6634,28
6635,27
6636,25
6637,23
6638,22
6639,19
6640,17
6641,14
6642,12
6643,10
6644,8
6645,6
6646,4
6647,3
6648,0
6649,-1
6650,-5
6651,-8
6652,-11
6653,-14
6654,-16
6655,-17
6656,-18
6657,-19
6658,-20
6659,-21
6660,-22
6661,-23
6662,-25
6663,-26
6664,-28
6665,-30
6666,-33
6667,-35
6668,-38
6669,-41
6670,-44
6671,-48
6672,-53
6673,-61
6674,-76
6675,-91
6676,-105
6677,-116
6678,-126
6679,-136
6680,-146
6681,-154
6682,-163
6683,-172
6684,-181
6685,-191
6686,-203
6687,-215
6688,-228
6689,-236
6690,-241
6691,-246
6692,-250
6693,-253
6694,-255
6695,-255
6696,-254
6697,-252
6698,-249
6699,-245
6700,-239
6701,-229
6702,-204
6703,-182
6704,-166
6705,-150
6706,-129
6707,-105
6708,-86
6709,-71
6710,-58
6711,-41
6712,-21
6713,-6
6714,5
6715,18
6716,25
6717,30
6718,34
6719,38
6720,41
6721,43
6722,46
6723,48
6724,50
6725,52
6726,54
6727,55
6728,56
6729,57
6730,58
6731,58
6732,60
6733,61
6734,62
6735,63
6736,64
6737,64
6738,65
6739,65
6740,64
6741,63
6742,61
6743,59
6744,57
6745,56
6746,55
6747,53
6748,52
6749,50
6750,49
6751,47
6752,46
6753,45
6754,44
6755,42
6756,40
6757,39
6758,38
6759,38
6760,38
6761,37
6762,37
6763,37
6764,36
6765,37
6766,37
6767,38
6768,38
6769,38
6770,39
6771,39
6772,41
6773,42
6774,43
6775,45
6776,45
6777,46
6778,47
6779,48
6780,48
6781,48
6782,47
6783,47
6784,47
6785,47
6786,48
6787,50
6788,51
6789,52
6790,53
6791,54
6792,55
6793,56
6794,56
6795,55
6796,54
6797,52
6798,51
6799,51
6800,51
6801,51
6802,51
6803,51
6804,51
6805,51
6806,51
6807,51
6808,50
6809,48
6810,46
6811,44
6812,43
6813,43
6814,43
6815,44
6816,45
6817,46
6818,47
6819,48
6820,49
6821,50
6822,51
6823,50
6824,50
6825,49
6826,48
6827,47
6828,45
6829,43
6830,41
6831,40
6832,39
6833,38
6834,37
6835,36
6836,35
6837,34
6838,33
6839,32
6840,31
6841,31
6842,30
6843,30
6844,31
6845,32
6846,33
6847,34
6848,35
6849,37
6850,38
6851,40
6852,42
6853,44
6854,43
6855,37
6856,28
6857,16
6858,1
6859,-10
6860,-17
6861,-23
6862,-28
6863,-31
6864,-31
6865,-28
6866,-24
6867,-18
6868,-12
6869,-3
6870,5
6871,16
6872,24
6873,31
6874,37
6875,42
6876,44
6877,45
6878,46
6879,47
6880,47
6881,48
6882,49
6883,50
6884,51
6885,51
6886,51
6887,51
6888,51
6889,51
6890,50
6891,48
6892,46
6893,43
6894,40
6895,36
6896,32
6897,9
6898,-25
6899,-83
6900,-166
6901,-271
6902,-388
6903,-491
6904,-530
6905,-519
6906,-425
6907,-238
6908,-5
6909,223
6910,389
6911,437
6912,433
6913,369
6914,291
6915,228
6916,176
6917,133
6918,97
6919,56
6920,20
6921,7
6922,6
6923,11
6924,15
6925,18
6926,21
6927,22
6928,22
6929,20
6930,16
6931,10
6932,6
6933,4
6934,3
6935,1
6936,0
6937,-2
6938,-4
6939,-5
6940,-6
6941,-7
6942,-9
6943,-11
6944,-12
6945,-14
6946,-15
6947,-17
6948,-19
6949,-21
6950,-23
6951,-25
6952,-27
6953,-31
6954,-37
6955,-45
6956,-52
6957,-58
6958,-64
6959,-70
6960,-77
6961,-83
6962,-90
6963,-96
6964,-102
6965,-111
6966,-124
6967,-137
6968,-150
6969,-163
6970,-177
6971,-187
6972,-195
6973,-202
6974,-211
6975,-218
6976,-223
6977,-228
6978,-232
6979,-236
6980,-238
6981,-239
6982,-238
6983,-236
6984,-232
6985,-227
6986,-221
6987,-213
6988,-198
6989,-187
6990,-173
6991,-154
6992,-133
6993,-113
6994,-99
6995,-87
6996,-77
6997,-63
6998,-43
6999,-19
7000,4
7001,19
7002,28
7003,36
7004,42
7005,48
7006,53
7007,57
7008,61
7009,64
7010,67
7011,69
7012,72
7013,74
7014,76
7015,78
7016,79
7017,81
7018,82
7019,82
7020,82
7021,82
7022,82
7023,80
7024,79
7025,77
7026,74
7027,72
7028,70
7029,68
7030,66
7031,65
7032,64
7033,63
7034,62
7035,61
7036,60
7037,59
7038,58
7039,57
7040,57
7041,56
7042,56
7043,57
7044,57
7045,57
7046,57
7047,58
7048,58
7049,59
7050,59
7051,60
7052,61
7053,61
7054,62
7055,62
7056,63
7057,64
7058,65
7059,66
7060,66
7061,67
7062,67
7063,67
7064,67
7065,67
7066,67
7067,66
7068,66
7069,66
7070,66
7071,66
7072,66
7073,65
7074,65
7075,66
7076,66
7077,67
7078,67
7079,68
7080,68
7081,68
7082,69
7083,69
7084,70
7085,70
7086,70
7087,69
7088,69
7089,70
7090,70
7091,71
7092,71
7093,71
7094,72
7095,73
7096,73
7097,74
7098,73
7099,72
7100,71
7101,69
7102,67
7103,64
7104,61
7105,58
7106,55
7107,53
7108,51
7109,50
7110,50
7111,49
7112,48
7113,48
7114,48
7115,48
7116,47
7117,47
7118,46
7119,44
7120,43
7121,42
7122,42
7123,41
7124,40
7125,39
7126,38
7127,37
7128,36
7129,35
7130,34
7131,34
7132,33
7133,32
7134,30
7135,29
7136,26
7137,23
7138,20
7139,18
7140,15
7141,14
7142,13
7143,14
7144,16
7145,20
7146,24
7147,27
7148,31
7149,33
7150,35
7151,37
7152,39
7153,41
7154,42
7155,44
7156,46
7157,48
7158,50
7159,51
7160,52
7161,52
7162,53
7163,53
7164,54
7165,54
7166,55
7167,55
7168,55
7169,58
7170,63
7171,52
7172,17
7173,-38
7174,-114
7175,-209
7176,-317
7177,-422
7178,-487
7179,-487
7180,-419
7181,-243
7182,-15
7183,216
7184,392
7185,457
7186,458
7187,398
7188,308
7189,224
7190,154
7191,105
7192,76
7193,58
7194,47
7195,40
7196,34
7197,28
7198,24
7199,21
7200,19
7201,17
7202,16
7203,14
7204,13
7205,11
7206,9
7207,8
7208,6
7209,5
7210,3
7211,1
7212,0
7213,-2
7214,-4
7215,-6
7216,-7
7217,-9
7218,-11
7219,-13
7220,-15
7221,-17
7222,-19
7223,-21
7224,-24
7225,-27
7226,-31
7227,-35
7228,-38
7229,-42
7230,-45
7231,-50
7232,-58
7233,-72
7234,-84
7235,-95
7236,-104
7237,-112
7238,-119
7239,-126
7240,-134
7241,-143
7242,-153
7243,-162
7244,-171
7245,-179
7246,-187
7247,-194
7248,-200
7249,-206
7250,-211
7251,-217
7252,-221
7253,-226
7254,-235
7255,-245
7256,-250
7257,-254
7258,-259
7259,-257
7260,-244
7261,-230
7262,-215
7263,-200
7264,-181
7265,-155
7266,-133
7267,-117
7268,-106
7269,-93
7270,-76
7271,-60
7272,-49
7273,-34
7274,-22
7275,-11
7276,-1
7277,5
7278,12
7279,19
7280,25
7281,31
7282,37
7283,43
7284,50
7285,54
7286,56
7287,57
7288,58
7289,58
7290,59
7291,60
7292,61
7293,62
7294,63
7295,63
7296,63
7297,63
7298,63
7299,62
7300,61
7301,58
7302,56
7303,53
7304,51
7305,49
7306,47
7307,44
7308,39
7309,34
7310,32
7311,31
7312,30
7313,30
7314,28
7315,27
7316,26
7317,26
7318,25
7319,25
7320,24
7321,24
7322,24
7323,24
7324,25
7325,26
7326,26
7327,26
7328,27
7329,27
7330,28
7331,29
7332,29
7333,30
7334,30
7335,31
7336,32
7337,34
7338,35
7339,35
7340,36
7341,36
7342,36
7343,36
7344,36
7345,36
7346,36
7347,36
7348,37
7349,37
7350,38
7351,38
7352,38
7353,38
7354,37
7355,37
7356,35
7357,34
7358,33
7359,32
7360,30
7361,29
7362,29
7363,29
7364,29
7365,30
7366,31
7367,32
7368,33
7369,34
7370,34
7371,35
7372,36
7373,37
7374,38
7375,39
7376,39
7377,40
7378,40
7379,42
7380,42
7381,43
7382,43
7383,42
7384,40
7385,36
7386,33
7387,30
7388,28
7389,26
7390,24
7391,22
7392,21
7393,20
7394,19
7395,18
7396,17
7397,16
7398,16
7399,16
7400,16
7401,17
7402,19
7403,20
7404,22
7405,24
7406,26
7407,29
7408,31
7409,33
7410,34
7411,36
7412,39
7413,43
7414,45
7415,46
7416,44
7417,39
7418,33
7419,27
7420,22
7421,16
7422,9
7423,5
7424,3
7425,2
7426,1
7427,0
7428,0
7429,-2
7430,-1
7431,9
7432,18
7433,26
7434,32
7435,36
7436,40
7437,43
7438,45
7439,47
7440,49
7441,50
7442,52
7443,54
7444,56
7445,58
7446,60
7447,61
7448,63
7449,65
7450,66
7451,67
7452,68
7453,68
7454,68
7455,66
7456,63
7457,59
7458,53
7459,30
7460,-6
7461,-62
7462,-140
7463,-241
7464,-357
7465,-462
7466,-514
7467,-507
7468,-422
7469,-241
7470,-13
7471,205
7472,365
7473,416
7474,414
7475,353
7476,274
7477,204
7478,146
7479,110
7480,90
7481,70
7482,50
7483,40
7484,36
7485,32
7486,29
7487,28
7488,26
7489,25
7490,23
7491,22
7492,20
7493,18
7494,16
7495,14
7496,12
7497,9
7498,7
7499,5
7500,3
7501,1
7502,0
7503,0
7504,-1
7505,-2
7506,-2
7507,-3
7508,-4
7509,-6
7510,-8
7511,-10
7512,-12
7513,-14
7514,-16
7515,-18
7516,-21
7517,-26
7518,-38
7519,-47
7520,-56
7521,-62
7522,-70
7523,-79
7524,-85
7525,-90
7526,-95
7527,-100
7528,-105
7529,-108
7530,-114
7531,-125
7532,-143
7533,-161
7534,-181
7535,-196
7536,-204
7537,-210
7538,-214
7539,-218
7540,-221
7541,-223
7542,-226
7543,-229
7544,-231
7545,-233
7546,-234
7547,-234
7548,-231
7549,-226
7550,-220
7551,-209
7552,-186
7553,-166
7554,-151
7555,-137
7556,-119
7557,-97
7558,-76
7559,-54
7560,-37
7561,-23
7562,-4
7563,12
7564,27
7565,35
7566,39
7567,41
7568,42
7569,43
7570,43
7571,43
7572,43
7573,43
7574,44
7575,45
7576,47
7577,49
7578,50
7579,51
7580,52
7581,53
7582,55
7583,56
7584,57
7585,58
7586,60
7587,63
7588,67
7589,70
7590,72
7591,71
7592,67
7593,62
7594,57
7595,54
7596,50
7597,46
7598,42
7599,38
7600,34
7601,32
7602,31
7603,30
7604,29
7605,29
7606,29
7607,28
7608,29
7609,28
7610,28
7611,26
7612,24
7613,23
7614,23
7615,25
7616,29
7617,32
7618,36
7619,42
7620,47
7621,48
7622,44
7623,40
7624,39
7625,38
7626,36
7627,35
7628,34
7629,33
7630,31
7631,30
7632,30
7633,29
7634,29
7635,29
7636,30
7637,32
7638,34
7639,36
7640,39
7641,41
7642,43
7643,45
7644,47
7645,48
7646,48
7647,48
7648,47
7649,47
7650,47
7651,48
7652,49
7653,50
7654,51
7655,52
7656,52
7657,53
7658,53
7659,53
7660,53
7661,52
7662,52
7663,51
7664,51
7665,51
7666,51
7667,52
7668,53
7669,53
7670,53
7671,53
7672,53
7673,53
7674,52
7675,51
7676,50
7677,49
7678,48
7679,47
7680,47
7681,47
7682,47
7683,46
7684,46
7685,45
7686,44
7687,42
7688,40
7689,38
7690,36
7691,35
7692,33
7693,33
7694,33
7695,33
7696,33
7697,33
7698,33
7699,33
7700,32
7701,31
7702,30
7703,27
7704,25
7705,22
7706,20
7707,18
7708,16
7709,15
7710,13
7711,11
7712,9
7713,8
7714,6
7715,3
7716,0
7717,-6
7718,-11
7719,-14
7720,-14
7721,-12
7722,-7
7723,-2
7724,3
7725,8
7726,14
7727,20
7728,26
7729,31
7730,34
7731,38
7732,40
7733,43
7734,46
7735,48
7736,50
7737,53
7738,55
7739,57
7740,58
7741,58
7742,57
7743,54
7744,50
7745,46
7746,41
7747,33
7748,18
7749,5
7750,-26
7751,-69
7752,-132
7753,-220
7754,-330
7755,-451
7756,-549
7757,-587
7758,-535
7759,-383
7760,-154
7761,96
7762,314
7763,439
7764,457
7765,425
7766,329
7767,227
7768,142
7769,73
7770,33
7771,21
7772,15
7773,11
7774,7
7775,4
7776,1
7777,0
7778,-1
7779,-2
7780,-3
7781,-3
7782,-4
7783,-5
7784,-6
7785,-7
7786,-8
7787,-10
7788,-12
7789,-15
7790,-17
7791,-19
7792,-22
7793,-24
7794,-27
7795,-30
7796,-32
7797,-36
7798,-40
7799,-44
7800,-48
7801,-52
7802,-55
7803,-58
7804,-61
7805,-63
7806,-65
7807,-67
7808,-69
7809,-71
7810,-74
7811,-77
7812,-82
7813,-87
7814,-93
7815,-99
7816,-106
7817,-116
7818,-128
7819,-140
7820,-151
7821,-164
7822,-178
7823,-194
7824,-205
7825,-213
7826,-219
7827,-224
7828,-228
7829,-231
7830,-233
7831,-235
7832,-238
7833,-240
7834,-242
7835,-244
7836,-244
7837,-243
7838,-241
7839,-238
7840,-233
7841,-227
7842,-214
7843,-189
7844,-164
7845,-140
7846,-119
7847,-97
7848,-76
7849,-52
7850,-32
7851,-20
7852,-8
7853,3
7854,14
7855,26
7856,37
7857,48
7858,52
7859,55
7860,57
7861,59
7862,61
7863,62
7864,63
7865,65
7866,66
7867,68
7868,70
7869,71
7870,72
7871,73
7872,74
7873,75
7874,75
7875,74
7876,73
7877,73
7878,73
7879,73
7880,73
7881,72
7882,71
7883,69
7884,68
7885,67
7886,66
7887,65
7888,63
7889,60
7890,59
7891,57
7892,56
7893,54
7894,53
7895,51
7896,50
7897,48
7898,44
7899,41
7900,38
7901,38
7902,39
7903,42
7904,46
7905,50
7906,52
7907,54
7908,56
7909,58
7910,60
7911,62
7912,64
7913,65
7914,65
7915,65
7916,64
7917,64
7918,63
7919,62
7920,62
7921,62
7922,62
7923,62
7924,62
7925,61
7926,62
7927,62
7928,62
7929,62
7930,62
7931,62
7932,62
7933,62
7934,63
7935,63
7936,63
7937,63
7938,63
7939,62
7940,62
7941,62
7942,61
7943,61
7944,60
7945,60
7946,60
7947,60
7948,60
7949,60
7950,60
7951,59
7952,58
7953,58
7954,57
7955,57
7956,57
7957,56
7958,56
7959,55
7960,55
7961,55
7962,55
7963,55
7964,55
7965,56
7966,55
7967,55
7968,55
7969,55
7970,55
7971,54
7972,54
7973,53
7974,52
7975,50
7976,48
7977,46
7978,45
7979,43
7980,42
7981,40
7982,38
7983,36
7984,35
7985,33
7986,30
7987,27
7988,24
7989,20
7990,17
7991,15
7992,13
7993,12
7994,11
7995,12
7996,13
7997,15
7998,18
7999,21
8000,24
8001,26
8002,28
8003,29
8004,32
8005,34
8006,38
8007,41
8008,45
8009,48
8010,52
8011,56
8012,59
8013,61
8014,62
8015,62
8016,61
8017,60
8018,60
8019,58
8020,57
8021,55
8022,52
8023,50
8024,46
8025,43
8026,19
8027,-22
8028,-82
8029,-163
8030,-264
8031,-379
8032,-480
8033,-516
8034,-502
8035,-395
8036,-196
8037,48
8038,275
8039,427
8040,469
8041,424
8042,341
8043,257
8044,194
8045,149
8046,123
8047,98
8048,66
8049,43
8050,31
8051,23
8052,17
8053,10
8054,5
8055,1
8056,-1
8057,-3
8058,-5
8059,-8
8060,-10
8061,-11
8062,-11
8063,-11
8064,-12
8065,-13
8066,-14
8067,-16
8068,-18
8069,-19
8070,-21
8071,-22
8072,-23
8073,-25
8074,-27
8075,-29
8076,-31
8077,-33
8078,-35
8079,-38
8080,-41
8081,-44
8082,-48
8083,-51
8084,-54
8085,-57
8086,-60
8087,-64
8088,-69
8089,-75
8090,-84
8091,-94
8092,-105
8093,-114
8094,-122
8095,-131
8096,-141
8097,-151
8098,-164
8099,-181
8100,-195
8101,-203
8102,-210
8103,-215
8104,-220
8105,-223
8106,-226
8107,-228
8108,-230
8109,-232
8110,-235
8111,-237
8112,-238
8113,-237
8114,-235
8115,-231
8116,-225
8117,-219
8118,-210
8119,-197
8120,-185
8121,-174
8122,-155
8123,-134
8124,-102
8125,-69
8126,-48
8127,-30
8128,-16
8129,-4
8130,10
8131,29
8132,41
8133,47
8134,51
8135,53
8136,56
8137,58
8138,60
8139,61
8140,63
8141,65
8142,67
8143,68
8144,69
8145,69
8146,68
8147,67
8148,67
8149,66
8150,65
8151,63
8152,61
8153,60
8154,58
8155,57
8156,55
8157,53
8158,51
8159,48
8160,45
8161,43
8162,41
8163,40
8164,39
8165,38
8166,38
8167,38
8168,37
8169,37
8170,34
8171,33
8172,36
8173,42
8174,45
8175,47
8176,49
8177,51
8178,52
8179,53
8180,54
8181,54
8182,54
8183,53
8184,51
8185,50
8186,48
8187,46
8188,44
8189,42
8190,40
8191,39
8192,37
8193,36
8194,35
8195,35
8196,35
8197,36
8198,38
8199,40
8200,43
8201,46
8202,50
8203,54
8204,57
8205,61
8206,64
8207,67
8208,70
8209,71
8210,72
8211,73
8212,72
8213,71
8214,69
8215,66
8216,64
8217,61
8218,58
8219,55
8220,53
8221,49
8222,45
8223,42
8224,39
8225,39
8226,40
8227,42
8228,45
8229,48
8230,50
8231,52
8232,54
8233,56
8234,59
8235,61
8236,63
8237,64
8238,65
8239,65
8240,64
8241,63
8242,61
8243,59
8244,57
8245,54
8246,51
8247,47
8248,42
8249,31
8250,26
8251,23
8252,19
8253,17
8254,22
8255,30
8256,36
8257,42
8258,47
8259,50
8260,52
8261,53
8262,54
8263,55
8264,57
8265,58
8266,58
8267,57
8268,54
8269,50
8270,45
8271,40
8272,34
8273,28
8274,21
8275,17
8276,13
8277,11
8278,9
8279,8
8280,6
8281,4
8282,2
8283,1
8284,0
8285,0
8286,0
8287,2
8288,4
8289,7
8290,10
8291,14
8292,17
8293,21
8294,27
8295,32
8296,38
8297,43
8298,45
8299,47
8300,49
8301,51
8302,53
8303,54
8304,55
8305,56
8306,56
8307,56
8308,56
8309,55
8310,53
8311,50
8312,46
8313,42
8314,37
8315,17
8316,-15
8317,-65
8318,-136
8319,-232
8320,-348
8321,-462
8322,-523
8323,-517
8324,-429
8325,-233
8326,10
8327,243
8328,408
8329,453
8330,447
8331,368
8332,270
8333,186
8334,119
8335,70
8336,45
8337,40
8338,36
8339,34
8340,31
8341,29
8342,27
8343,24
8344,22
8345,20
8346,18
8347,16
8348,15
8349,14
8350,14
8351,13
8352,13
8353,13
8354,12
8355,10
8356,9
8357,8
8358,7
8359,5
8360,3
8361,1
8362,0
8363,-1
8364,-2
8365,-3
8366,-6
8367,-8
8368,-11
8369,-14
8370,-19
8371,-31
8372,-40
8373,-47
8374,-56
8375,-66
8376,-76
8377,-82
8378,-87
8379,-91
8380,-95
8381,-99
8382,-103
8383,-107
8384,-111
8385,-117
8386,-123
8387,-129
8388,-136
8389,-149
8390,-168
8391,-179
8392,-186
8393,-192
8394,-199
8395,-206
8396,-219
8397,-240
8398,-257
8399,-267
8400,-273
8401,-275
8402,-276
8403,-279
8404,-282
8405,-270
8406,-251
8407,-227
8408,-200
8409,-177
8410,-158
8411,-136
8412,-110
8413,-85
8414,-61
8415,-39
8416,-24
8417,-11
8418,7
8419,16
8420,20
8421,23
8422,25
8423,27
8424,29
8425,30
8426,31
8427,33
8428,34
8429,36
8430,38
8431,40
8432,41
8433,42
8434,42
8435,44
8436,46
8437,48
8438,50
8439,52
8440,57
8441,62
8442,65
8443,67
8444,68
8445,68
8446,68
8447,69
8448,69
8449,70
8450,70
8451,68
8452,64
8453,60
8454,56
8455,54
8456,52
8457,51
8458,49
8459,48
8460,47
8461,46
8462,46
8463,45
8464,44
8465,43
8466,42
8467,41
8468,41
8469,41
8470,41
8471,41
8472,41
8473,42
8474,44
8475,45
8476,46
8477,47
8478,48
8479,48
8480,48
8481,48
8482,49
8483,49
8484,49
8485,49
8486,49
8487,51
8488,52
8489,53
8490,54
8491,55
8492,55
8493,55
8494,54
8495,53
8496,52
8497,50
8498,47
8499,45
8500,44
8501,43
8502,41
8503,40
8504,38
8505,38
8506,39
8507,40
8508,42
8509,44
8510,45
8511,46
8512,47
8513,49
8514,50
8515,50
8516,51
8517,51
8518,51
8519,51
8520,51
8521,50
8522,50
8523,49
8524,48
8525,48
8526,48
8527,47
8528,46
8529,46
8530,45
8531,45
8532,45
8533,45
8534,45
8535,44
8536,44
8537,44
8538,43
8539,43
8540,41
8541,40
8542,39
8543,38
8544,38
8545,37
8546,37
8547,36
8548,36
8549,35
8550,35
8551,34
8552,32
8553,30
8554,27
8555,24
8556,20
8557,17
8558,14
8559,11
8560,8
8561,6
8562,3
8563,0
8564,-2
8565,-6
8566,-11
8567,-15
8568,-17
8569,-16
8570,-13
8571,-9
8572,-3
8573,4
8574,17
8575,25
8576,28
8577,30
8578,32
8579,35
8580,37
8581,38
8582,40
8583,42
8584,43
8585,44
8586,45
8587,46
8588,46
8589,45
8590,44
8591,43
8592,43
8593,42
8594,40
8595,38
8596,36
8597,33
8598,30
8599,27
8600,17
8601,-6
8602,-47
8603,-101
8604,-180
8605,-288
8606,-419
8607,-538
8608,-579
8609,-562
8610,-431
8611,-199
8612,66
8613,300
8614,445
8615,479
8616,423
8617,320
8618,212
8619,133
8620,75
8621,47
8622,40
8623,36
8624,32
8625,29
8626,26
8627,22
8628,19
8629,16
8630,12
8631,7
8632,-3
8633,-18
8634,-19
8635,-19
8636,-20
8637,-20
8638,-21
8639,-21
8640,-20
8641,-18
8642,-18
8643,-17
8644,-15
8645,-14
8646,-13
8647,-12
8648,-11
8649,-10
8650,-10
8651,-11
8652,-13
8653,-15
8654,-18
8655,-22
8656,-26
8657,-30
8658,-35
8659,-42
8660,-50
8661,-57
8662,-64
8663,-71
8664,-77
8665,-83
8666,-89
8667,-94
8668,-99
8669,-107
8670,-118
8671,-132
8672,-146
8673,-160
8674,-176
8675,-190
8676,-201
8677,-209
8678,-215
8679,-218
8680,-220
8681,-222
8682,-224
8683,-226
8684,-227
8685,-227
8686,-227
8687,-226
8688,-224
8689,-221
8690,-217
8691,-213
8692,-206
8693,-194
8694,-179
8695,-165
8696,-150
8697,-135
8698,-116
8699,-93
8700,-70
8701,-48
8702,-30
8703,-16
8704,0
8705,10
8706,19
8707,28
8708,39
8709,50
8710,54
8711,56
8712,59
8713,61
8714,63
8715,65
8716,67
8717,68
8718,69
8719,69
8720,70
8721,71
8722,71
8723,71
8724,70
8725,70
8726,69
8727,68
8728,68
8729,68
8730,67
8731,66
8732,66
8733,66
8734,66
8735,66
8736,66
8737,66
8738,66
8739,66
8740,67
8741,67
8742,68
8743,68
8744,67
8745,67
8746,67
8747,66
8748,65
8749,65
8750,64
8751,63
8752,62
8753,62
8754,61
8755,61
8756,59
8757,57
8758,53
8759,51
8760,50
8761,51
8762,55
8763,59
8764,64
8765,67
8766,70
8767,74
8768,78
8769,80
8770,82
8771,82
8772,82
8773,82
8774,82
8775,81
8776,80
8777,78
8778,76
8779,73
8780,70
8781,69
8782,69
8783,70
8784,70
8785,72
8786,73
8787,75
8788,76
8789,77
8790,75
8791,69
8792,63
8793,58
8794,53
8795,48
8796,44
8797,41
8798,39
8799,38
8800,37
8801,38
8802,38
8803,38
8804,37
8805,37
8806,37
8807,36
8808,36
8809,35
8810,35
8811,34
8812,34
8813,34
8814,34
8815,35
8816,35
8817,35
8818,36
8819,36
8820,36
8821,36
8822,36
8823,35
8824,33
8825,32
8826,32
8827,31
8828,31
8829,30
8830,29
8831,27
8832,26
8833,26
8834,25
8835,25
8836,25
8837,24
8838,22
8839,20
8840,19
8841,17
8842,16
8843,14
8844,12
8845,10
8846,8
8847,8
8848,7
8849,8
8850,8
8851,9
8852,11
8853,14
8854,17
8855,21
8856,25
8857,28
8858,31
8859,34
8860,38
8861,43
8862,48
8863,52
8864,56
8865,58
8866,59
8867,60
8868,61
8869,61
8870,60
8871,59
8872,56
8873,53
8874,50
8875,47
8876,32
8877,-8
8878,-70
8879,-158
8880,-266
8881,-384
8882,-486
8883,-515
8884,-497
8885,-373
8886,-163
8887,77
8888,290
8889,423
8890,459
8891,416
8892,339
8893,266
8894,206
8895,148
8896,105
8897,79
8898,54
8899,32
8900,22
8901,17
8902,13
8903,11
8904,8
8905,6
8906,4
8907,3
8908,1
8909,0
8910,-1
8911,-2
8912,-4
8913,-5
8914,-6
8915,-7
8916,-9
8917,-11
8918,-13
8919,-15
8920,-16
8921,-17
8922,-18
8923,-20
8924,-22
8925,-23
8926,-25
8927,-27
8928,-29
8929,-32
8930,-36
8931,-40
8932,-43
8933,-46
8934,-50
8935,-55
8936,-60
8937,-66
8938,-72
8939,-77
8940,-83
8941,-90
8942,-98
8943,-107
8944,-116
8945,-125
8946,-136
8947,-149
8948,-159
8949,-168
8950,-175
8951,-182
8952,-190
8953,-199
8954,-208
8955,-214
8956,-219
8957,-224
8958,-228
8959,-231
8960,-232
8961,-232
8962,-231
8963,-229
8964,-226
8965,-222
8966,-216
8967,-205
8968,-181
8969,-160
8970,-144
8971,-128
8972,-107
8973,-82
8974,-58
8975,-31
8976,-10
8977,3
8978,13
8979,22
8980,30
8981,37
8982,44
8983,50
8984,56
8985,64
8986,72
8987,78
8988,81
8989,84
8990,87
8991,89
8992,90
8993,89
8994,84
8995,77
8996,70
8997,63
8998,54
8999,46
